<?xml version = '1.0' encoding = 'UTF-8'?>
<TableProxyOraclev11g class="oracle.dbtools.crest.model.design.storage.oracle.v11g.TableProxyOraclev11g" name="DB_CLI_FISICA" directorySegmentName="seg_0" id="0B175B84-C9B8-5CA3-853D-8F8A4609A658">
<createdBy>Gustavo Padlipskas</createdBy>
<createdTime>2020-11-19 16:25:51 UTC</createdTime>
<ownerDesignName>SGV_Melhores_Compras</ownerDesignName>
<logging>YES</logging>
<partitionedRowMovement>DISABLE</partitionedRowMovement>
<temporaryChanged>false</temporaryChanged>
<accessDriverType>oracle_loader</accessDriverType>
<rejectLimit></rejectLimit>
<columnProxies itemClass="oracle.dbtools.crest.model.design.storage.oracle.v12c.ColumnProxyOraclev12c">
<ColumnProxy name="DT_NASCIMENTO" id="55CA6A8F-4C56-0C97-E5CD-2FA7E2DD7194">
<createdBy>Gustavo Padlipskas</createdBy>
<createdTime>2020-11-19 16:25:51 UTC</createdTime>
<ownerDesignName>SGV_Melhores_Compras</ownerDesignName>
</ColumnProxy>
<ColumnProxy name="NR_CLIENTE" id="8BB15509-5074-C4F6-99E5-F25E23890443">
<createdBy>Gustavo Padlipskas</createdBy>
<createdTime>2020-11-19 16:25:51 UTC</createdTime>
<ownerDesignName>SGV_Melhores_Compras</ownerDesignName>
</ColumnProxy>
<ColumnProxy name="DS_GENERO" id="A8B4F81F-141F-BFA9-90D4-35AA732DF0BC">
<createdBy>Gustavo Padlipskas</createdBy>
<createdTime>2020-11-19 16:25:51 UTC</createdTime>
<ownerDesignName>SGV_Melhores_Compras</ownerDesignName>
</ColumnProxy>
<ColumnProxy name="NR_CPF" id="B12580B8-9CB8-A062-5BFF-41A5F816FA19">
<createdBy>Gustavo Padlipskas</createdBy>
<createdTime>2020-11-19 16:25:51 UTC</createdTime>
<ownerDesignName>SGV_Melhores_Compras</ownerDesignName>
</ColumnProxy>
<ColumnProxy name="FL_SEXO_BIOLOGICO" id="C3A35F9B-60DB-6075-E05D-4ED183D0FC0E">
<createdBy>Gustavo Padlipskas</createdBy>
<createdTime>2021-12-20 12:48:31 UTC</createdTime>
<ownerDesignName>SGV_Melhores_Compras</ownerDesignName>
</ColumnProxy>
</columnProxies>
<foreignKeys>
<ForeignKey class="oracle.dbtools.crest.model.design.storage.oracle.v10g.FKProxyOraclev10g" name="FK_DB_CLIENTE_FISICA" id="CE438EA0-6A50-5623-08EA-23C3DE5736EA">
<createdBy>Gustavo Padlipskas</createdBy>
<createdTime>2020-11-19 16:25:51 UTC</createdTime>
<ownerDesignName>SGV_Melhores_Compras</ownerDesignName>
</ForeignKey>
</foreignKeys>
<primaryKeys>
<PrimaryKey class="oracle.dbtools.crest.model.design.storage.oracle.v10g.PKProxyOraclev10g" name="PK_DB_CLI_FISICA" id="AE5F6D21-4F3B-A0E3-4CFD-C4491A74CD3E">
<createdBy>Gustavo Padlipskas</createdBy>
<createdTime>2020-11-19 16:25:51 UTC</createdTime>
<ownerDesignName>SGV_Melhores_Compras</ownerDesignName>
<indexSort>SORTED</indexSort>
</PrimaryKey>
</primaryKeys>
</TableProxyOraclev11g>