<?xml version = '1.0' encoding = 'UTF-8'?>
<TableProxyOraclev11g class="oracle.dbtools.crest.model.design.storage.oracle.v11g.TableProxyOraclev11g" name="DB_CLI_JURIDICA" directorySegmentName="seg_0" id="BE2F9C25-8722-CA4D-62A4-98772F4DE0E1">
<createdBy>Gustavo Padlipskas</createdBy>
<createdTime>2020-11-19 16:25:51 UTC</createdTime>
<ownerDesignName>SGV_Melhores_Compras</ownerDesignName>
<logging>YES</logging>
<partitionedRowMovement>DISABLE</partitionedRowMovement>
<temporaryChanged>false</temporaryChanged>
<accessDriverType>oracle_loader</accessDriverType>
<rejectLimit></rejectLimit>
<columnProxies itemClass="oracle.dbtools.crest.model.design.storage.oracle.v12c.ColumnProxyOraclev12c">
<ColumnProxy name="DT_FUNDACAO" id="022CE12C-659E-14AF-838B-E06D6B2A2F67">
<createdBy>Gustavo Padlipskas</createdBy>
<createdTime>2020-11-19 16:25:51 UTC</createdTime>
<ownerDesignName>SGV_Melhores_Compras</ownerDesignName>
</ColumnProxy>
<ColumnProxy name="NR_CLIENTE" id="272EB4E3-277B-C46B-982E-9D3B0554C7A3">
<createdBy>Gustavo Padlipskas</createdBy>
<createdTime>2020-11-19 16:25:51 UTC</createdTime>
<ownerDesignName>SGV_Melhores_Compras</ownerDesignName>
</ColumnProxy>
<ColumnProxy name="NR_INSCR_EST" id="768360F2-68BE-B53E-FF72-3B767B180ADF">
<createdBy>Gustavo Padlipskas</createdBy>
<createdTime>2020-11-19 16:25:51 UTC</createdTime>
<ownerDesignName>SGV_Melhores_Compras</ownerDesignName>
</ColumnProxy>
<ColumnProxy name="NR_CNPJ" id="A4FF5B4D-098C-20B3-F32A-E0808470739E">
<createdBy>Gustavo Padlipskas</createdBy>
<createdTime>2020-11-19 16:25:51 UTC</createdTime>
<ownerDesignName>SGV_Melhores_Compras</ownerDesignName>
</ColumnProxy>
</columnProxies>
<foreignKeys>
<ForeignKey class="oracle.dbtools.crest.model.design.storage.oracle.v10g.FKProxyOraclev10g" name="FK_DB_CLIENTE_JURIDICA" id="42666002-F8E0-B473-C0DA-C7F8BB1A06F8">
<createdBy>Gustavo Padlipskas</createdBy>
<createdTime>2020-11-19 16:25:51 UTC</createdTime>
<ownerDesignName>SGV_Melhores_Compras</ownerDesignName>
</ForeignKey>
</foreignKeys>
<primaryKeys>
<PrimaryKey class="oracle.dbtools.crest.model.design.storage.oracle.v10g.PKProxyOraclev10g" name="PK_DB_CLI_JURIDICA" id="C1CBEA6A-5507-FCBD-F60F-4654136CEB87">
<createdBy>Gustavo Padlipskas</createdBy>
<createdTime>2020-11-19 16:25:51 UTC</createdTime>
<ownerDesignName>SGV_Melhores_Compras</ownerDesignName>
<indexSort>SORTED</indexSort>
</PrimaryKey>
</primaryKeys>
</TableProxyOraclev11g>