<?xml version = '1.0' encoding = 'UTF-8'?>
<Table class="oracle.dbtools.crest.model.design.relational.Table" directorySegmentName="seg_0" id="0E48B727-90AE-BC11-870C-1DCFAEC8AE93" name="MC_PRODUTO">
<createdBy>salviop</createdBy>
<createdTime>2013-01-03 21:36:33 UTC</createdTime>
<ownerDesignName>SGV_Melhores_Compras</ownerDesignName>
<importedID>CA4FBDD7-B322-79E9-85F9-5BCEBAB88314</importedID>
<ordsAlias>kd_produto</ordsAlias>
<allowColumnReorder>false</allowColumnReorder>
<parsed>true</parsed>
<columns itemClass="oracle.dbtools.crest.model.design.relational.Column">
<Column name="CD_PRODUTO" id="7C5C6ED1-7E54-30C0-CE0F-68E16D66953D">
<createdBy>salviop</createdBy>
<createdTime>2013-01-03 21:36:33 UTC</createdTime>
<comment><![CDATA[Essa coluna irá armazenar a chave primária da tabela de produtos da Melhorees Compras. A cada produto cadastrado será acionada a Sequence  SQ_MC_PRODUTO que se encarregará de gerar o próximo número único do produto.]]></comment>
<commentInRDBMS><![CDATA[Essa coluna irá armazenar a chave primária da tabela de produtos da Melhorees Compras. A cada produto cadastrado será acionada a Sequence  SQ_MC_PRODUTO que se encarregará de gerar o próximo número único do produto.]]></commentInRDBMS>
<ownerDesignName>SGV_Melhores_Compras</ownerDesignName>
<importedID>68AD7D34-646C-7377-3ECD-3C4107AB782D</importedID>
<useDomainConstraints>false</useDomainConstraints>
<use>1</use>
<logicalDatatype>LOGDT019</logicalDatatype>
<dataTypePrecision>10</dataTypePrecision>
<ownDataTypeParameters>,10,</ownDataTypeParameters>
</Column>
<Column name="CD_CATEGORIA" id="D7CE295C-6776-0C99-4D08-8655B72EA068">
<createdBy>Gustavo Padlipskas</createdBy>
<createdTime>2021-11-06 16:53:34 UTC</createdTime>
<comment><![CDATA[Essa coluna irá armazenar a chave primária da tabela de categoria de produtos da Melhorees Compras. Cada categoria nova cadastrada  será acionada a Sequence  SQ_MC_CATEGORIA que se encarregará de gerar o próximo número único da categoria..]]></comment>
<commentInRDBMS><![CDATA[Essa coluna irá armazenar a chave primária da tabela de categoria de produtos da Melhorees Compras. Cada categoria nova cadastrada  será acionada a Sequence  SQ_MC_CATEGORIA que se encarregará de gerar o próximo número único da categoria..]]></commentInRDBMS>
<ownerDesignName>SGV_Melhores_Compras</ownerDesignName>
<useDomainConstraints>false</useDomainConstraints>
<use>1</use>
<logicalDatatype>LOGDT019</logicalDatatype>
<ownDataTypeParameters>,,</ownDataTypeParameters>
<previousColumn>false</previousColumn>
<autoIncrementCycle>false</autoIncrementCycle>
<associations>
<colAssociation fkAssociation="15A1ABAF-2D46-586B-F682-CA6AB7AD560B" referredColumn="6FE4DFF9-F6D8-9A94-47FB-72B7C42C199F"/>
</associations>
</Column>
<Column name="NR_CD_BARRAS_PROD" id="8285CA14-212C-EF5C-A40D-5473BD263398">
<createdBy>Gustavo Padlipskas</createdBy>
<createdTime>2021-12-20 13:06:09 UTC</createdTime>
<comment><![CDATA[Essa coluna irá armazenar o número do codigo de barras  do produto. Seu conteúdo deve ser opcional.]]></comment>
<commentInRDBMS><![CDATA[Essa coluna irá armazenar o número do codigo de barras  do produto. Seu conteúdo deve ser opcional.]]></commentInRDBMS>
<ownerDesignName>SGV_Melhores_Compras</ownerDesignName>
<nullsAllowed>true</nullsAllowed>
<useDomainConstraints>false</useDomainConstraints>
<use>1</use>
<logicalDatatype>LOGDT024</logicalDatatype>
<dataTypeSize>50</dataTypeSize>
<ownDataTypeParameters>50,,</ownDataTypeParameters>
<autoIncrementCycle>false</autoIncrementCycle>
</Column>
<Column name="DS_PRODUTO" id="B06B20B1-7630-A5A3-CA95-7505DFCA7663">
<createdBy>salviop</createdBy>
<createdTime>2013-01-03 21:36:33 UTC</createdTime>
<comment><![CDATA[Essa coluna irá armazenar a descrição principal do produto. Seu conteúdo deve ser  obrigatorio.]]></comment>
<commentInRDBMS><![CDATA[Essa coluna irá armazenar a descrição principal do produto. Seu conteúdo deve ser  obrigatorio.]]></commentInRDBMS>
<ownerDesignName>SGV_Melhores_Compras</ownerDesignName>
<importedID>A0FC7E26-A363-E016-6240-4876079A5122</importedID>
<useDomainConstraints>false</useDomainConstraints>
<use>1</use>
<logicalDatatype>LOGDT024</logicalDatatype>
<dataTypeSize>80</dataTypeSize>
<ownDataTypeParameters>80,,</ownDataTypeParameters>
</Column>
<Column name="VL_UNITARIO" id="5923E7FB-EE4E-60AD-BE6F-5B148EA328A7">
<createdBy>salviop</createdBy>
<createdTime>2013-01-03 21:36:33 UTC</createdTime>
<comment><![CDATA[Essa coluna irá armazenar o valor unitário do produto. Seu conteúdo deve ser > 0 ]]></comment>
<commentInRDBMS><![CDATA[Essa coluna irá armazenar o valor unitário do produto. Seu conteúdo deve ser > 0 ]]></commentInRDBMS>
<ownerDesignName>SGV_Melhores_Compras</ownerDesignName>
<importedID>3BF7F8DD-81B6-7A99-CC17-9B86355D4C31</importedID>
<useDomainConstraints>false</useDomainConstraints>
<use>1</use>
<logicalDatatype>LOGDT019</logicalDatatype>
<dataTypePrecision>8</dataTypePrecision>
<dataTypeScale>2</dataTypeScale>
<ownDataTypeParameters>,8,2</ownDataTypeParameters>
</Column>
<Column name="TP_EMBALAGEM" id="1982E641-929A-5A2D-C8C5-67C657FD1FE8">
<createdBy>salviop</createdBy>
<createdTime>2013-01-03 21:36:33 UTC</createdTime>
<comment><![CDATA[Essa coluna irá armazenar o tipo de embalagem do produto. Seu conteúdo pode ser opcional.]]></comment>
<commentInRDBMS><![CDATA[Essa coluna irá armazenar o tipo de embalagem do produto. Seu conteúdo pode ser opcional.]]></commentInRDBMS>
<ownerDesignName>SGV_Melhores_Compras</ownerDesignName>
<importedID>ED8E6F39-0745-E4DE-D38B-AB661624C716</importedID>
<nullsAllowed>true</nullsAllowed>
<useDomainConstraints>false</useDomainConstraints>
<use>1</use>
<logicalDatatype>LOGDT024</logicalDatatype>
<dataTypeSize>15</dataTypeSize>
<ownDataTypeParameters>15,,</ownDataTypeParameters>
</Column>
<Column name="ST_PRODUTO" id="E1BCBBD8-F0FF-A360-BD7D-FF7AAABD4380">
<createdBy>salviop</createdBy>
<createdTime>2013-01-03 21:36:33 UTC</createdTime>
<comment><![CDATA[Essa coluna irá armazenar o stauts do produto da Melhorees Compras. Os valores permitidos aqui são: A(tivo) e I(nativo).]]></comment>
<commentInRDBMS><![CDATA[Essa coluna irá armazenar o stauts do produto da Melhorees Compras. Os valores permitidos aqui são: A(tivo) e I(nativo).]]></commentInRDBMS>
<ownerDesignName>SGV_Melhores_Compras</ownerDesignName>
<importedID>56C921A5-A5F3-1BC8-71C3-1DCDF4B58471</importedID>
<nullsAllowed>true</nullsAllowed>
<useDomainConstraints>false</useDomainConstraints>
<use>1</use>
<logicalDatatype>LOGDT025</logicalDatatype>
<dataTypeSize>1</dataTypeSize>
<ownDataTypeParameters>1,,</ownDataTypeParameters>
</Column>
<Column name="VL_PERC_LUCRO" id="382B91E9-C2D0-7DB6-1EA2-C007051E77E1">
<createdBy>salviop</createdBy>
<createdTime>2013-01-03 21:36:33 UTC</createdTime>
<comment><![CDATA[Essa coluna irá armazenar o percentual  do lucro médio para cada produto. Seu conteúdo deve ser opcional.]]></comment>
<commentInRDBMS><![CDATA[Essa coluna irá armazenar o percentual  do lucro médio para cada produto. Seu conteúdo deve ser opcional.]]></commentInRDBMS>
<ownerDesignName>SGV_Melhores_Compras</ownerDesignName>
<importedID>5000714F-0903-4911-2FAF-6812248EF41B</importedID>
<nullsAllowed>true</nullsAllowed>
<useDomainConstraints>false</useDomainConstraints>
<use>1</use>
<logicalDatatype>LOGDT019</logicalDatatype>
<dataTypePrecision>8</dataTypePrecision>
<dataTypeScale>2</dataTypeScale>
<ownDataTypeParameters>,8,2</ownDataTypeParameters>
</Column>
<Column name="DS_COMPLETA_PROD" id="61FA5414-8B59-B650-EE04-3A5CE61BE463">
<createdBy>salviop</createdBy>
<createdTime>2013-02-19 00:25:01 UTC</createdTime>
<comment><![CDATA[Essa coluna irá armazenar a descrição completa do produto. Seu conteúdo deve ser  obrigatorio.]]></comment>
<commentInRDBMS><![CDATA[Essa coluna irá armazenar a descrição completa do produto. Seu conteúdo deve ser  obrigatorio.]]></commentInRDBMS>
<ownerDesignName>SGV_Melhores_Compras</ownerDesignName>
<useDomainConstraints>false</useDomainConstraints>
<use>1</use>
<logicalDatatype>LOGDT024</logicalDatatype>
<dataTypeSize>4000</dataTypeSize>
<ownDataTypeParameters>4000,,</ownDataTypeParameters>
</Column>
</columns>
<indexes itemClass="oracle.dbtools.crest.model.design.relational.Index">
<ind_PK_UK id="52EFAA13-3165-1D99-3E70-55C523EC8674" name="PK_MC_PRODUTO">
<createdBy>salviop</createdBy>
<createdTime>2013-01-03 21:36:33 UTC</createdTime>
<ownerDesignName>SGV_Melhores_Compras</ownerDesignName>
<importedID>DDDE67D8-6B78-AE78-6688-016CAF10E00E</importedID>
<pk>true</pk>
<indexState>Primary Constraint</indexState>
<indexColumnUsage>
<colUsage columnID="7C5C6ED1-7E54-30C0-CE0F-68E16D66953D"/>
</indexColumnUsage>
</ind_PK_UK>
<ind_PK_UK id="22C515DD-C7F7-13AD-9F3D-02054AD34B48" name="FK_MC_SUB_CATEGORIA_PROD">
<createdBy>Gustavo Padlipskas</createdBy>
<createdTime>2021-11-06 16:53:34 UTC</createdTime>
<ownerDesignName>SGV_Melhores_Compras</ownerDesignName>
<indexState>Foreign Key</indexState>
<isSurrogateKey>false</isSurrogateKey>
<indexColumnUsage>
<colUsage columnID="D7CE295C-6776-0C99-4D08-8655B72EA068"/>
</indexColumnUsage>
</ind_PK_UK>
</indexes>
</Table>