<?xml version = '1.0' encoding = 'UTF-8'?>
<Table class="oracle.dbtools.crest.model.design.relational.Table" directorySegmentName="seg_0" id="19A1836D-80ED-6D53-E206-AB4ADB154658" name="MC_END_CLI">
<createdBy>salviop</createdBy>
<createdTime>2013-02-19 00:04:48 UTC</createdTime>
<ownerDesignName>SGV_Melhores_Compras</ownerDesignName>
<ordsAlias>kd_end_cli</ordsAlias>
<parsed>true</parsed>
<columns itemClass="oracle.dbtools.crest.model.design.relational.Column">
<Column name="NR_CLIENTE" id="F05BD7B2-C46E-A6B4-E4ED-18CF3EB36865">
<createdBy>salviop</createdBy>
<createdTime>2013-02-19 00:09:06 UTC</createdTime>
<comment><![CDATA[Esta coluna irá receber o número do cliente e seu conteúdo é obrigatório.]]></comment>
<commentInRDBMS><![CDATA[Esta coluna irá receber o número do cliente e seu conteúdo é obrigatório.]]></commentInRDBMS>
<ownerDesignName>SGV_Melhores_Compras</ownerDesignName>
<useDomainConstraints>false</useDomainConstraints>
<use>1</use>
<logicalDatatype>LOGDT019</logicalDatatype>
<dataTypePrecision>10</dataTypePrecision>
<ownDataTypeParameters>,,</ownDataTypeParameters>
<previousColumn>false</previousColumn>
<associations>
<colAssociation fkAssociation="944D3744-4BD5-17E8-F411-8B4FB1E58012" referredColumn="A0AE6625-F1C4-40D5-0C78-0D4E4450D37E"/>
</associations>
</Column>
<Column name="CD_LOGRADOURO_CLI" id="6E06B5E0-F077-77AB-0416-49C6AA1F94B3">
<createdBy>salviop</createdBy>
<createdTime>2013-06-21 11:07:06 UTC</createdTime>
<comment><![CDATA[Esta coluna irá receber o código do logradouro  do cliente e seu conteúdo é obrigatório.]]></comment>
<commentInRDBMS><![CDATA[Esta coluna irá receber o código do logradouro  do cliente e seu conteúdo é obrigatório.]]></commentInRDBMS>
<ownerDesignName>SGV_Melhores_Compras</ownerDesignName>
<useDomainConstraints>false</useDomainConstraints>
<use>1</use>
<logicalDatatype>LOGDT019</logicalDatatype>
<dataTypePrecision>10</dataTypePrecision>
<ownDataTypeParameters>,,</ownDataTypeParameters>
<previousColumn>false</previousColumn>
<associations>
<colAssociation fkAssociation="635B0A50-BC90-DBDF-7C86-E90F954388D6" referredColumn="51EAD6C8-13E9-822F-A496-BA3F45BB445A"/>
</associations>
</Column>
<Column name="NR_END" id="4E3AF31C-9C59-A736-9481-7962E7BDA7A4">
<createdBy>salviop</createdBy>
<createdTime>2013-02-19 00:08:14 UTC</createdTime>
<comment><![CDATA[Número do Endereço do Cliente. O número da Rua/Localidade onde o cliente está associado.]]></comment>
<commentInRDBMS><![CDATA[Número do Endereço do Cliente. O número da Rua/Localidade onde o cliente está associado.]]></commentInRDBMS>
<ownerDesignName>SGV_Melhores_Compras</ownerDesignName>
<useDomainConstraints>false</useDomainConstraints>
<use>1</use>
<logicalDatatype>LOGDT019</logicalDatatype>
<dataTypePrecision>8</dataTypePrecision>
<ownDataTypeParameters>,8,</ownDataTypeParameters>
</Column>
<Column name="DS_COMPLEMENTO_END" id="41F5F223-2902-8602-1FF6-DB0AC9BC9FD9">
<createdBy>salviop</createdBy>
<createdTime>2013-02-19 00:08:14 UTC</createdTime>
<comment><![CDATA[Esta coluna irá receber o complemento do endereço do cliente e seu conteúdo pode ser opcional.]]></comment>
<commentInRDBMS><![CDATA[Esta coluna irá receber o complemento do endereço do cliente e seu conteúdo pode ser opcional.]]></commentInRDBMS>
<ownerDesignName>SGV_Melhores_Compras</ownerDesignName>
<nullsAllowed>true</nullsAllowed>
<useDomainConstraints>false</useDomainConstraints>
<use>1</use>
<logicalDatatype>LOGDT024</logicalDatatype>
<dataTypeSize>80</dataTypeSize>
<ownDataTypeParameters>80,,</ownDataTypeParameters>
</Column>
<Column name="DT_INICIO" id="3F3E7C65-3C83-BAEC-A28B-57E8B15F32C5">
<createdBy>salviop</createdBy>
<createdTime>2013-02-19 00:08:14 UTC</createdTime>
<comment><![CDATA[Data de início do endereço associado ao cliente.]]></comment>
<commentInRDBMS><![CDATA[Data de início do endereço associado ao cliente.]]></commentInRDBMS>
<ownerDesignName>SGV_Melhores_Compras</ownerDesignName>
<nullsAllowed>true</nullsAllowed>
<useDomainConstraints>false</useDomainConstraints>
<use>1</use>
<logicalDatatype>LOGDT007</logicalDatatype>
<ownDataTypeParameters>,,</ownDataTypeParameters>
</Column>
<Column name="DT_TERMINO" id="F73B605D-79BC-593A-0CD1-62B874966063">
<createdBy>salviop</createdBy>
<createdTime>2013-02-19 00:08:14 UTC</createdTime>
<comment><![CDATA[Data de término do endereço associado ao cliente.]]></comment>
<commentInRDBMS><![CDATA[Data de término do endereço associado ao cliente.]]></commentInRDBMS>
<ownerDesignName>SGV_Melhores_Compras</ownerDesignName>
<nullsAllowed>true</nullsAllowed>
<useDomainConstraints>false</useDomainConstraints>
<use>1</use>
<logicalDatatype>LOGDT007</logicalDatatype>
<ownDataTypeParameters>,,</ownDataTypeParameters>
</Column>
<Column name="ST_END" id="9E50EFF9-E0D6-F7D9-573C-40A2ACCA1F3A">
<createdBy>salviop</createdBy>
<createdTime>2013-02-19 00:08:14 UTC</createdTime>
<comment><![CDATA[Status do endereço. (A)itvo ou (I)nativo.]]></comment>
<commentInRDBMS><![CDATA[Status do endereço. (A)itvo ou (I)nativo.]]></commentInRDBMS>
<ownerDesignName>SGV_Melhores_Compras</ownerDesignName>
<nullsAllowed>true</nullsAllowed>
<useDomainConstraints>false</useDomainConstraints>
<use>1</use>
<logicalDatatype>LOGDT025</logicalDatatype>
<dataTypeSize>1</dataTypeSize>
<ownDataTypeParameters>1,,</ownDataTypeParameters>
</Column>
</columns>
<indexes itemClass="oracle.dbtools.crest.model.design.relational.Index">
<ind_PK_UK id="8451CB02-4402-263F-CCDA-C2E3C50C5177" name="PK_MC_END_CLI">
<createdBy>salviop</createdBy>
<createdTime>2013-02-19 00:08:14 UTC</createdTime>
<ownerDesignName>SGV_Melhores_Compras</ownerDesignName>
<pk>true</pk>
<indexState>Primary Constraint</indexState>
<indexColumnUsage>
<colUsage columnID="F05BD7B2-C46E-A6B4-E4ED-18CF3EB36865"/>
<colUsage columnID="6E06B5E0-F077-77AB-0416-49C6AA1F94B3"/>
</indexColumnUsage>
</ind_PK_UK>
<ind_PK_UK id="215F77D6-FE49-D388-521B-FEACD2D885E3" name="FK_MC_CLIENTE_END">
<createdBy>salviop</createdBy>
<createdTime>2013-02-19 00:09:06 UTC</createdTime>
<ownerDesignName>SGV_Melhores_Compras</ownerDesignName>
<indexState>Foreign Key</indexState>
<indexColumnUsage>
<colUsage columnID="F05BD7B2-C46E-A6B4-E4ED-18CF3EB36865"/>
</indexColumnUsage>
</ind_PK_UK>
<ind_PK_UK id="DF662FD2-884A-46BC-21ED-2A45CF0D86C6" name="FK_MC_LOGRADOURO_END">
<createdBy>salviop</createdBy>
<createdTime>2013-06-21 11:07:06 UTC</createdTime>
<ownerDesignName>SGV_Melhores_Compras</ownerDesignName>
<indexState>Foreign Key</indexState>
<indexColumnUsage>
<colUsage columnID="6E06B5E0-F077-77AB-0416-49C6AA1F94B3"/>
</indexColumnUsage>
</ind_PK_UK>
</indexes>
</Table>