<?xml version = '1.0' encoding = 'UTF-8'?>
<Relation class="oracle.dbtools.crest.model.design.logical.Relation" name="FK_MC_CIDADE_ESTADO" directorySegmentName="seg_0" id="171405AD-04BB-AB09-CBD2-4C3DD972CE9B">
<createdBy>Gustavo Padlipskas</createdBy>
<createdTime>2022-12-14 14:31:13 UTC</createdTime>
<generatorID>6A70E11E-2F9B-C184-D9A4-3246F0B4C0DD</generatorID>
<ownerDesignName>SGV_Melhores_Compras</ownerDesignName>
<engineerTo>
<item key="D3EA570C-CF09-A95D-0250-B56D1592D2C8" value="true"/>
</engineerTo>
<useSurrogateKey>true</useSurrogateKey>
<identifying>false</identifying>
<optionalSource>true</optionalSource>
<optionalTarget>false</optionalTarget>
<sourceCardinality>1</sourceCardinality>
<sourceEntity>2B91488E-B62A-CE42-042A-23762E1CC70C</sourceEntity>
<targetCardinalityString>*</targetCardinalityString>
<targetEntity>3F2D48A9-9AF1-269E-DA47-122B72F0C497</targetEntity>
<transferable>true</transferable>
</Relation>