<?xml version = '1.0' encoding = 'UTF-8'?>
<Relation class="oracle.dbtools.crest.model.design.logical.Relation" name="FK_MC_DEPTO_FUNC" directorySegmentName="seg_0" id="2B4F748A-C31E-33A4-228B-875DC0F6CBD4">
<createdBy>Gustavo Padlipskas</createdBy>
<createdTime>2022-12-14 14:31:13 UTC</createdTime>
<generatorID>7E660816-4F19-C357-EAE4-45C7900EE26C</generatorID>
<ownerDesignName>SGV_Melhores_Compras</ownerDesignName>
<engineerTo>
<item key="D3EA570C-CF09-A95D-0250-B56D1592D2C8" value="true"/>
</engineerTo>
<useSurrogateKey>true</useSurrogateKey>
<identifying>false</identifying>
<optionalSource>true</optionalSource>
<optionalTarget>false</optionalTarget>
<sourceCardinality>1</sourceCardinality>
<sourceEntity>F7E97139-5313-75D9-ABE0-1BC9C60C9AD9</sourceEntity>
<targetCardinalityString>*</targetCardinalityString>
<targetEntity>CD2B6E1A-67D7-190D-FB2E-FCD620F46414</targetEntity>
<transferable>true</transferable>
<deleteRule>NO ACTION</deleteRule>
</Relation>