<?xml version = '1.0' encoding = 'UTF-8'?>
<Relation class="oracle.dbtools.crest.model.design.logical.Relation" name="FK_MC_CLIENTE_SGV_SAC" directorySegmentName="seg_0" id="73C1BFC0-D22B-C66A-50DB-BB613E550899">
<createdBy>Gustavo Padlipskas</createdBy>
<createdTime>2022-12-14 14:31:13 UTC</createdTime>
<generatorID>B308ED99-61A2-F694-ECBE-78D8E8877181</generatorID>
<ownerDesignName>SGV_Melhores_Compras</ownerDesignName>
<engineerTo>
<item key="D3EA570C-CF09-A95D-0250-B56D1592D2C8" value="true"/>
</engineerTo>
<useSurrogateKey>true</useSurrogateKey>
<identifying>false</identifying>
<optionalSource>true</optionalSource>
<optionalTarget>false</optionalTarget>
<sourceCardinality>1</sourceCardinality>
<sourceEntity>66EE9C89-8F0C-EE68-ADF3-B0857C78CBA1</sourceEntity>
<targetCardinalityString>*</targetCardinalityString>
<targetEntity>23F659B9-6F18-5710-549F-6F9A2205DC9F</targetEntity>
<transferable>true</transferable>
<deleteRule>NO ACTION</deleteRule>
</Relation>