<?xml version = '1.0' encoding = 'UTF-8'?>
<Relation class="oracle.dbtools.crest.model.design.logical.Relation" name="FK_MC_PRODUTO_IMAGEM" directorySegmentName="seg_0" id="9A3CBAD8-6930-0186-A1B4-4F19677B1758">
<createdBy>Gustavo Padlipskas</createdBy>
<createdTime>2022-12-14 14:31:13 UTC</createdTime>
<generatorID>486939C0-81F8-3AF4-A9FA-626E4D106E58</generatorID>
<ownerDesignName>SGV_Melhores_Compras</ownerDesignName>
<engineerTo>
<item key="D3EA570C-CF09-A95D-0250-B56D1592D2C8" value="true"/>
</engineerTo>
<useSurrogateKey>true</useSurrogateKey>
<identifying>true</identifying>
<optionalSource>true</optionalSource>
<optionalTarget>false</optionalTarget>
<sourceCardinality>1</sourceCardinality>
<sourceEntity>772BFA6F-D5BC-BCC4-76E6-73E3858A634F</sourceEntity>
<targetCardinalityString>*</targetCardinalityString>
<targetEntity>17B69AFB-58CE-BAB7-97A7-5612EDBEA6C5</targetEntity>
<transferable>true</transferable>
</Relation>