<?xml version = '1.0' encoding = 'UTF-8'?>
<Relation class="oracle.dbtools.crest.model.design.logical.Relation" name="FK_MC_CLIENTE_JURIDICA" directorySegmentName="seg_0" id="A0CFCFED-5497-1FF0-D86B-22B648D51A1A">
<createdBy>Gustavo Padlipskas</createdBy>
<createdTime>2022-12-14 14:31:13 UTC</createdTime>
<generatorID>32004F6C-A7F9-B126-0177-8629B6EA5426</generatorID>
<ownerDesignName>SGV_Melhores_Compras</ownerDesignName>
<engineerTo>
<item key="D3EA570C-CF09-A95D-0250-B56D1592D2C8" value="true"/>
</engineerTo>
<useSurrogateKey>true</useSurrogateKey>
<arc>5FB74154-D18E-4342-175D-B97ECFE01B33</arc>
<dominantRole>66EE9C89-8F0C-EE68-ADF3-B0857C78CBA1</dominantRole>
<identifying>true</identifying>
<optionalSource>true</optionalSource>
<optionalTarget>false</optionalTarget>
<sourceCardinality>1</sourceCardinality>
<sourceEntity>66EE9C89-8F0C-EE68-ADF3-B0857C78CBA1</sourceEntity>
<targetCardinalityString>1</targetCardinalityString>
<targetEntity>FBDC775C-646B-D734-A65A-D7061E4D6C56</targetEntity>
<transferable>true</transferable>
</Relation>