<?xml version = '1.0' encoding = 'UTF-8'?>
<Relation class="oracle.dbtools.crest.model.design.logical.Relation" name="FK_MC_LOGRADOURO_BAIRRO" directorySegmentName="seg_0" id="E766D8B6-6AC3-2A51-280B-1279598B4721">
<createdBy>Gustavo Padlipskas</createdBy>
<createdTime>2022-12-14 14:31:13 UTC</createdTime>
<generatorID>ACC2F952-7406-A664-6457-A787DE92EC00</generatorID>
<ownerDesignName>SGV_Melhores_Compras</ownerDesignName>
<engineerTo>
<item key="D3EA570C-CF09-A95D-0250-B56D1592D2C8" value="true"/>
</engineerTo>
<useSurrogateKey>true</useSurrogateKey>
<identifying>false</identifying>
<optionalSource>true</optionalSource>
<optionalTarget>false</optionalTarget>
<sourceCardinality>1</sourceCardinality>
<sourceEntity>B93F002E-4E38-A483-DA06-C033EA0422CA</sourceEntity>
<targetCardinalityString>*</targetCardinalityString>
<targetEntity>E2B044CE-3DF6-DCAF-3B5D-457D7E658B3F</targetEntity>
<transferable>true</transferable>
</Relation>