<?xml version = '1.0' encoding = 'UTF-8'?>
<Entity class="oracle.dbtools.crest.model.design.logical.Entity" directorySegmentName="seg_0" id="17B69AFB-58CE-BAB7-97A7-5612EDBEA6C5" name="MC SGV PRODUTO VIDEO">
<createdBy>Gustavo Padlipskas</createdBy>
<createdTime>2022-12-14 14:31:13 UTC</createdTime>
<generatorID>B2023A8F-0A1D-3820-7563-6F5C788B9A4B</generatorID>
<ownerDesignName>SGV_Melhores_Compras</ownerDesignName>
<engineerTo>
<item key="D3EA570C-CF09-A95D-0250-B56D1592D2C8" value="true"/>
</engineerTo>
<adequatelyNormalized>NO</adequatelyNormalized>
<expectedVolumes>0</expectedVolumes>
<fwdEngineeringStrategyName>Single Table</fwdEngineeringStrategyName>
<growthPercent>0</growthPercent>
<growthType>Year</growthType>
<maxVolumes>9999999</maxVolumes>
<minVolumes>0</minVolumes>
<normalForm>Third</normalForm>
<shortName>Tabela contendo informações sobre os vídeos dos produtos da Melhores Compras</shortName>
<attributes itemClass="oracle.dbtools.crest.model.design.logical.Attribute">
<Attribute name="CD PRODUTO" id="67F7D35D-C1D6-F8DF-2EAA-54220538D7F0">
<createdBy>Gustavo Padlipskas</createdBy>
<createdTime>2022-12-14 14:31:13 UTC</createdTime>
<comment><![CDATA[Essa coluna irá armazenar a chave primária da tabela de produtos da Melhorees Compras. A cada produto cadastrado será acionada a Sequence  SQ_MC_PRODUTO que se encarregará de gerar o próximo número único do produto.]]></comment>
<commentInRDBMS><![CDATA[Essa coluna irá armazenar a chave primária da tabela de produtos da Melhorees Compras. A cada produto cadastrado será acionada a Sequence  SQ_MC_PRODUTO que se encarregará de gerar o próximo número único do produto.]]></commentInRDBMS>
<ownerDesignName>SGV_Melhores_Compras</ownerDesignName>
<engineerTo>
<item key="D3EA570C-CF09-A95D-0250-B56D1592D2C8" value="true"/>
</engineerTo>
<useDomainConstraints>false</useDomainConstraints>
<use>1</use>
<logicalDatatype>LOGDT019</logicalDatatype>
<ownDataTypeParameters>,,</ownDataTypeParameters>
</Attribute>
<Attribute name="NR SEQUENCIA" id="F627703A-A634-401B-7EE4-6CA8DA77B3D0">
<createdBy>Gustavo Padlipskas</createdBy>
<createdTime>2022-12-14 14:31:13 UTC</createdTime>
<comment><![CDATA[Essa coluna irá armazenar a sequencia do vídeo a partir do codigo do produto. Sempre o primeiro vídeo de determinado  produto deve iniciar com o número 1. Seu conteúdo é obrigatório.]]></comment>
<commentInRDBMS><![CDATA[Essa coluna irá armazenar a sequencia do vídeo a partir do codigo do produto. Sempre o primeiro vídeo de determinado  produto deve iniciar com o número 1. Seu conteúdo é obrigatório.]]></commentInRDBMS>
<generatorID>841F8E3A-5C2D-8E5E-D0D5-86B7F63BF8AE</generatorID>
<ownerDesignName>SGV_Melhores_Compras</ownerDesignName>
<engineerTo>
<item key="D3EA570C-CF09-A95D-0250-B56D1592D2C8" value="true"/>
</engineerTo>
<useDomainConstraints>false</useDomainConstraints>
<use>1</use>
<logicalDatatype>LOGDT019</logicalDatatype>
<dataTypePrecision>3</dataTypePrecision>
<ownDataTypeParameters>,3,</ownDataTypeParameters>
</Attribute>
<Attribute name="CD CATEGORIA" id="39B9120D-B923-2116-EE64-8A0297651DBB">
<createdBy>Gustavo Padlipskas</createdBy>
<createdTime>2022-12-14 14:31:13 UTC</createdTime>
<comment><![CDATA[Essa coluna irá armazenar a chave primária da tabela de categoria de produtos da Melhorees Compras. Cada categoria nova cadastrada  será acionada a Sequence  SQ_MC_CATEGORIA que se encarregará de gerar o próximo número único da categoria..]]></comment>
<commentInRDBMS><![CDATA[Essa coluna irá armazenar a chave primária da tabela de categoria de produtos da Melhorees Compras. Cada categoria nova cadastrada  será acionada a Sequence  SQ_MC_CATEGORIA que se encarregará de gerar o próximo número único da categoria..]]></commentInRDBMS>
<ownerDesignName>SGV_Melhores_Compras</ownerDesignName>
<engineerTo>
<item key="D3EA570C-CF09-A95D-0250-B56D1592D2C8" value="true"/>
</engineerTo>
<useDomainConstraints>false</useDomainConstraints>
<use>1</use>
<logicalDatatype>LOGDT019</logicalDatatype>
<ownDataTypeParameters>,,</ownDataTypeParameters>
</Attribute>
<Attribute name="VD PRODUTO" id="B665C581-7990-7B76-FD3E-AFC16CDC43F5">
<createdBy>Gustavo Padlipskas</createdBy>
<createdTime>2022-12-14 14:31:13 UTC</createdTime>
<comment><![CDATA[Essa coluna irá armazenar oo vídeo do produto no formato que melhor lhe  convier.  Para utilizar essa coluna tenha acesso a documentação oficial da Oracle. Seu conteúdo é opcional.]]></comment>
<commentInRDBMS><![CDATA[Essa coluna irá armazenar oo vídeo do produto no formato que melhor lhe  convier.  Para utilizar essa coluna tenha acesso a documentação oficial da Oracle. Seu conteúdo é opcional.]]></commentInRDBMS>
<generatorID>7E9B5FE8-F95F-BBC5-5033-C404255A519D</generatorID>
<ownerDesignName>SGV_Melhores_Compras</ownerDesignName>
<engineerTo>
<item key="D3EA570C-CF09-A95D-0250-B56D1592D2C8" value="true"/>
</engineerTo>
<nullsAllowed>true</nullsAllowed>
<useDomainConstraints>false</useDomainConstraints>
<use>1</use>
<logicalDatatype>LOGDT029</logicalDatatype>
<ownDataTypeParameters>,,</ownDataTypeParameters>
</Attribute>
<Attribute name="TP VIDEO PROD" id="8CD94D44-F3FB-9462-644B-E5A961D825D2">
<createdBy>Gustavo Padlipskas</createdBy>
<createdTime>2022-12-14 14:31:13 UTC</createdTime>
<comment><![CDATA[Essa coluna irá armazenar o tipo do  vídeo do produto. Seu conteúdo é opcional.]]></comment>
<commentInRDBMS><![CDATA[Essa coluna irá armazenar o tipo do  vídeo do produto. Seu conteúdo é opcional.]]></commentInRDBMS>
<generatorID>68F27392-EC5D-014F-2F75-0F87D52C362C</generatorID>
<ownerDesignName>SGV_Melhores_Compras</ownerDesignName>
<engineerTo>
<item key="D3EA570C-CF09-A95D-0250-B56D1592D2C8" value="true"/>
</engineerTo>
<nullsAllowed>true</nullsAllowed>
<useDomainConstraints>false</useDomainConstraints>
<use>1</use>
<logicalDatatype>LOGDT024</logicalDatatype>
<dataTypeSize>10</dataTypeSize>
<ownDataTypeParameters>10,,</ownDataTypeParameters>
</Attribute>
<Attribute name="DS PATH VIDEO PROD" id="BF88EFAF-CBD3-C77F-03EC-7CE786A3AF28">
<createdBy>Gustavo Padlipskas</createdBy>
<createdTime>2022-12-14 14:31:13 UTC</createdTime>
<comment><![CDATA[Essa coluna irá armazenar o caminho de acesso (link) contendo o  vídeo do produto. Seu conteúdo é opcional.]]></comment>
<commentInRDBMS><![CDATA[Essa coluna irá armazenar o caminho de acesso (link) contendo o  vídeo do produto. Seu conteúdo é opcional.]]></commentInRDBMS>
<generatorID>DD2A19E7-4C8A-406A-D42F-8A3E827266F8</generatorID>
<ownerDesignName>SGV_Melhores_Compras</ownerDesignName>
<engineerTo>
<item key="D3EA570C-CF09-A95D-0250-B56D1592D2C8" value="true"/>
</engineerTo>
<nullsAllowed>true</nullsAllowed>
<useDomainConstraints>false</useDomainConstraints>
<use>1</use>
<logicalDatatype>LOGDT024</logicalDatatype>
<dataTypeSize>500</dataTypeSize>
<ownDataTypeParameters>500,,</ownDataTypeParameters>
</Attribute>
<Attribute name="ST VIDEO PROD" id="CD711D45-59FB-B1B0-4DEF-33169B0C54EC">
<createdBy>Gustavo Padlipskas</createdBy>
<createdTime>2022-12-14 14:31:13 UTC</createdTime>
<comment><![CDATA[Essa coluna irá armazenar o stauts do vídeo do produto da Melhorees Compras. Os valores permitidos aqui são: A(tivo) e I(nativo).]]></comment>
<commentInRDBMS><![CDATA[Essa coluna irá armazenar o stauts do vídeo do produto da Melhorees Compras. Os valores permitidos aqui são: A(tivo) e I(nativo).]]></commentInRDBMS>
<generatorID>75704233-C2A1-B23A-1A14-A42BC76B368D</generatorID>
<ownerDesignName>SGV_Melhores_Compras</ownerDesignName>
<engineerTo>
<item key="D3EA570C-CF09-A95D-0250-B56D1592D2C8" value="true"/>
</engineerTo>
<nullsAllowed>true</nullsAllowed>
<useDomainConstraints>false</useDomainConstraints>
<use>1</use>
<logicalDatatype>LOGDT025</logicalDatatype>
<dataTypeSize>1</dataTypeSize>
<ownDataTypeParameters>1,,</ownDataTypeParameters>
</Attribute>
</attributes>
<identifiers itemClass="oracle.dbtools.crest.model.design.logical.CandidateKey">
<identifier id="A7356EB2-72B5-78AA-6157-2FD5C0558420" name="MC SGV PRODUTO VIDEO PK">
<createdBy>Gustavo Padlipskas</createdBy>
<createdTime>2022-12-14 14:31:13 UTC</createdTime>
<ownerDesignName>SGV_Melhores_Compras</ownerDesignName>
<engineerTo>
<item key="D3EA570C-CF09-A95D-0250-B56D1592D2C8" value="true"/>
</engineerTo>
<pk>true</pk>
</identifier>
</identifiers>
</Entity>