<?xml version = '1.0' encoding = 'UTF-8'?>
<Entity class="oracle.dbtools.crest.model.design.logical.Entity" directorySegmentName="seg_0" id="23F659B9-6F18-5710-549F-6F9A2205DC9F" name="MC SGV SAC">
<createdBy>Gustavo Padlipskas</createdBy>
<createdTime>2022-12-14 14:31:13 UTC</createdTime>
<generatorID>6EAECA94-FFFC-0CF5-AD7B-BE26D785E934</generatorID>
<ownerDesignName>SGV_Melhores_Compras</ownerDesignName>
<engineerTo>
<item key="D3EA570C-CF09-A95D-0250-B56D1592D2C8" value="true"/>
</engineerTo>
<adequatelyNormalized>NO</adequatelyNormalized>
<expectedVolumes>0</expectedVolumes>
<fwdEngineeringStrategyName>Single Table</fwdEngineeringStrategyName>
<growthPercent>0</growthPercent>
<growthType>Year</growthType>
<maxVolumes>9999999</maxVolumes>
<minVolumes>0</minVolumes>
<normalForm>Third</normalForm>
<attributes itemClass="oracle.dbtools.crest.model.design.logical.Attribute">
<Attribute name="NR SAC" id="450687B7-0D04-768C-5690-5C87F7F4B592">
<createdBy>Gustavo Padlipskas</createdBy>
<createdTime>2022-12-14 14:31:13 UTC</createdTime>
<comment><![CDATA[Essa coluna irá armazenar a chave primária da tabela de SAC de vídeo  da Melhorees Compras. A cada SAC cadastrado pelo cliente será acionada a Sequence  SQ_MC_SGV_SAC que se encarregará de gerar o próximo número único do chamado SAC feito pelo Cliente.]]></comment>
<commentInRDBMS><![CDATA[Essa coluna irá armazenar a chave primária da tabela de SAC de vídeo  da Melhorees Compras. A cada SAC cadastrado pelo cliente será acionada a Sequence  SQ_MC_SGV_SAC que se encarregará de gerar o próximo número único do chamado SAC feito pelo Cliente.]]></commentInRDBMS>
<generatorID>ACC2AA78-7571-5642-14AC-B4576325EBBF</generatorID>
<ownerDesignName>SGV_Melhores_Compras</ownerDesignName>
<engineerTo>
<item key="D3EA570C-CF09-A95D-0250-B56D1592D2C8" value="true"/>
</engineerTo>
<useDomainConstraints>false</useDomainConstraints>
<use>1</use>
<logicalDatatype>LOGDT019</logicalDatatype>
<ownDataTypeParameters>,,</ownDataTypeParameters>
</Attribute>
<Attribute name="NR CLIENTE" id="600AD903-309C-6279-FE6F-6B9DEEBCEA47">
<createdBy>Gustavo Padlipskas</createdBy>
<createdTime>2022-12-14 14:31:13 UTC</createdTime>
<comment><![CDATA[Essa coluna irá armazenar o código único do cliente na plataforma ecommerce da Melhores Compras.Seu conteúdo deve ser obrigatório, único e preenhcido a  parrtir da tabela NC_CLIENTE. ]]></comment>
<commentInRDBMS><![CDATA[Essa coluna irá armazenar o código único do cliente na plataforma ecommerce da Melhores Compras.Seu conteúdo deve ser obrigatório, único e preenhcido a  parrtir da tabela NC_CLIENTE. ]]></commentInRDBMS>
<ownerDesignName>SGV_Melhores_Compras</ownerDesignName>
<engineerTo>
<item key="D3EA570C-CF09-A95D-0250-B56D1592D2C8" value="true"/>
</engineerTo>
<useDomainConstraints>false</useDomainConstraints>
<use>1</use>
<logicalDatatype>LOGDT019</logicalDatatype>
<ownDataTypeParameters>,,</ownDataTypeParameters>
</Attribute>
<Attribute name="CD PRODUTO" id="C868FFFE-0647-B27A-54B2-B4708B36FB40">
<createdBy>Gustavo Padlipskas</createdBy>
<createdTime>2022-12-14 14:31:13 UTC</createdTime>
<comment><![CDATA[Essa coluna irá armazenar a chave primária da tabela de produtos da Melhorees Compras. A cada produto cadastrado será acionada a Sequence  SQ_MC_PRODUTO que se encarregará de gerar o próximo número único do produto.]]></comment>
<commentInRDBMS><![CDATA[Essa coluna irá armazenar a chave primária da tabela de produtos da Melhorees Compras. A cada produto cadastrado será acionada a Sequence  SQ_MC_PRODUTO que se encarregará de gerar o próximo número único do produto.]]></commentInRDBMS>
<ownerDesignName>SGV_Melhores_Compras</ownerDesignName>
<engineerTo>
<item key="D3EA570C-CF09-A95D-0250-B56D1592D2C8" value="true"/>
</engineerTo>
<useDomainConstraints>false</useDomainConstraints>
<use>1</use>
<logicalDatatype>LOGDT019</logicalDatatype>
<ownDataTypeParameters>,,</ownDataTypeParameters>
</Attribute>
<Attribute name="CD FUNCIONARIO" id="1A723D3C-D12E-48EB-C2C5-31AE5022DE4B">
<createdBy>Gustavo Padlipskas</createdBy>
<createdTime>2022-12-14 14:31:13 UTC</createdTime>
<comment><![CDATA[Esta coluna irá receber o codigo do funcionário e seu conteúdo é obrigatório.]]></comment>
<commentInRDBMS><![CDATA[Esta coluna irá receber o codigo do funcionário e seu conteúdo é obrigatório.]]></commentInRDBMS>
<ownerDesignName>SGV_Melhores_Compras</ownerDesignName>
<engineerTo>
<item key="D3EA570C-CF09-A95D-0250-B56D1592D2C8" value="true"/>
</engineerTo>
<nullsAllowed>true</nullsAllowed>
<useDomainConstraints>false</useDomainConstraints>
<use>1</use>
<logicalDatatype>LOGDT019</logicalDatatype>
<ownDataTypeParameters>,,</ownDataTypeParameters>
</Attribute>
<Attribute name="DS DETALHADA SAC" id="2C5C99F0-08AB-B9F7-240F-F119D867B694">
<createdBy>Gustavo Padlipskas</createdBy>
<createdTime>2022-12-14 14:31:13 UTC</createdTime>
<comment><![CDATA[Essa coluna  irá  receber a descrição completa do SAC aberto pelo cliente. Seu conteudo deve ser obrigatório.]]></comment>
<commentInRDBMS><![CDATA[Essa coluna  irá  receber a descrição completa do SAC aberto pelo cliente. Seu conteudo deve ser obrigatório.]]></commentInRDBMS>
<generatorID>BB4F13AC-3E6A-A0A4-BA4B-91F3470D600C</generatorID>
<ownerDesignName>SGV_Melhores_Compras</ownerDesignName>
<engineerTo>
<item key="D3EA570C-CF09-A95D-0250-B56D1592D2C8" value="true"/>
</engineerTo>
<nullsAllowed>true</nullsAllowed>
<useDomainConstraints>false</useDomainConstraints>
<use>1</use>
<logicalDatatype>LOGDT028</logicalDatatype>
<ownDataTypeParameters>,,</ownDataTypeParameters>
</Attribute>
<Attribute name="DT ABERTURA SAC" id="655EE45E-27AA-F001-D774-6D4A761B995A">
<createdBy>Gustavo Padlipskas</createdBy>
<createdTime>2022-12-14 14:31:13 UTC</createdTime>
<comment><![CDATA[Essa coluna  irá  receber a data e horário do SAC aberto pelo cliente. Seu conteudo deve ser obrigatório.]]></comment>
<commentInRDBMS><![CDATA[Essa coluna  irá  receber a data e horário do SAC aberto pelo cliente. Seu conteudo deve ser obrigatório.]]></commentInRDBMS>
<generatorID>F7D69A86-C801-03A8-F870-79FAD9A0D89E</generatorID>
<ownerDesignName>SGV_Melhores_Compras</ownerDesignName>
<engineerTo>
<item key="D3EA570C-CF09-A95D-0250-B56D1592D2C8" value="true"/>
</engineerTo>
<nullsAllowed>true</nullsAllowed>
<useDomainConstraints>false</useDomainConstraints>
<use>1</use>
<logicalDatatype>LOGDT007</logicalDatatype>
<ownDataTypeParameters>,,</ownDataTypeParameters>
</Attribute>
<Attribute name="HR ABERTURA SAC" id="E37B102E-E523-43B4-16B7-F2DB8EEED9A0">
<createdBy>Gustavo Padlipskas</createdBy>
<createdTime>2022-12-14 14:31:13 UTC</createdTime>
<comment><![CDATA[Essa coluna  irá  receber a hora do SAC aberto pelo cliente. Seu conteudo deve ser obrigatório.]]></comment>
<commentInRDBMS><![CDATA[Essa coluna  irá  receber a hora do SAC aberto pelo cliente. Seu conteudo deve ser obrigatório.]]></commentInRDBMS>
<generatorID>834ABEFD-BF26-00D8-F3C2-D3570CBDB66E</generatorID>
<ownerDesignName>SGV_Melhores_Compras</ownerDesignName>
<engineerTo>
<item key="D3EA570C-CF09-A95D-0250-B56D1592D2C8" value="true"/>
</engineerTo>
<nullsAllowed>true</nullsAllowed>
<useDomainConstraints>false</useDomainConstraints>
<use>1</use>
<logicalDatatype>LOGDT019</logicalDatatype>
<dataTypePrecision>2</dataTypePrecision>
<ownDataTypeParameters>,2,</ownDataTypeParameters>
</Attribute>
<Attribute name="DT ATENDIMENTO" id="4C07B022-949C-AF3C-94A7-B8A25C7B2F21">
<createdBy>Gustavo Padlipskas</createdBy>
<createdTime>2022-12-14 14:31:13 UTC</createdTime>
<comment><![CDATA[Essa coluna  irá  receber a data e horário do atendmiento SAC feita pelo funcionário da Melhores Compras. Seu conteudo deve ser opcional.]]></comment>
<commentInRDBMS><![CDATA[Essa coluna  irá  receber a data e horário do atendmiento SAC feita pelo funcionário da Melhores Compras. Seu conteudo deve ser opcional..]]></commentInRDBMS>
<generatorID>00F3FFE8-16F6-2655-5C0C-081240B7182C</generatorID>
<ownerDesignName>SGV_Melhores_Compras</ownerDesignName>
<engineerTo>
<item key="D3EA570C-CF09-A95D-0250-B56D1592D2C8" value="true"/>
</engineerTo>
<nullsAllowed>true</nullsAllowed>
<useDomainConstraints>false</useDomainConstraints>
<use>1</use>
<logicalDatatype>LOGDT007</logicalDatatype>
<ownDataTypeParameters>,,</ownDataTypeParameters>
</Attribute>
<Attribute name="HR ATENDIMENTO SAC" id="23FF95D9-B2FA-027A-9B54-C81C500DBB08">
<createdBy>Gustavo Padlipskas</createdBy>
<createdTime>2022-12-14 14:31:13 UTC</createdTime>
<comment><![CDATA[Essa coluna  irá  receber a hora do SAC do atendimento  feito  pelo funcionario da Melhores Compras. Seu conteudo deve ser opcional.]]></comment>
<commentInRDBMS><![CDATA[Essa coluna  irá  receber a hora do SAC do atendimento  feito  pelo funcionario da Melhores Compras. Seu conteudo deve ser opcional.]]></commentInRDBMS>
<generatorID>8F5D878A-6433-861D-A16B-20EFC958BA80</generatorID>
<ownerDesignName>SGV_Melhores_Compras</ownerDesignName>
<engineerTo>
<item key="D3EA570C-CF09-A95D-0250-B56D1592D2C8" value="true"/>
</engineerTo>
<nullsAllowed>true</nullsAllowed>
<useDomainConstraints>false</useDomainConstraints>
<use>1</use>
<logicalDatatype>LOGDT019</logicalDatatype>
<dataTypePrecision>2</dataTypePrecision>
<ownDataTypeParameters>,2,</ownDataTypeParameters>
</Attribute>
<Attribute name="NR TEMPO TOTAL SAC" id="8DD92F7E-1415-1810-0524-4639B65B4F8D">
<createdBy>Gustavo Padlipskas</createdBy>
<createdTime>2022-12-14 14:31:13 UTC</createdTime>
<comment><![CDATA[Essa coluna  irá  receber o tempo total em horas  (HH24) computado desde a abertura até a conclusão dele. A unidade de medida é horas, ou seja, em quantas horas o chamado foi concluído desde a sua abertura.]]></comment>
<commentInRDBMS><![CDATA[Essa coluna  irá  receber o tempo total em horas  (HH24) computado desde a abertura até a conclusão dele. A unidade de medida é horas, ou seja, em quantas horas o chamado foi concluído desde a sua abertura.]]></commentInRDBMS>
<generatorID>3DC396B8-B6D0-F664-58DB-AE49F03180CF</generatorID>
<ownerDesignName>SGV_Melhores_Compras</ownerDesignName>
<engineerTo>
<item key="D3EA570C-CF09-A95D-0250-B56D1592D2C8" value="true"/>
</engineerTo>
<nullsAllowed>true</nullsAllowed>
<useDomainConstraints>false</useDomainConstraints>
<use>1</use>
<logicalDatatype>LOGDT019</logicalDatatype>
<dataTypePrecision>10</dataTypePrecision>
<ownDataTypeParameters>,10,</ownDataTypeParameters>
</Attribute>
<Attribute name="DS DETALHADA RETORNO SAC" id="B5066FD2-40B7-DE4C-7699-BBC0F55F1B27">
<createdBy>Gustavo Padlipskas</createdBy>
<createdTime>2022-12-14 14:31:13 UTC</createdTime>
<comment><![CDATA[Essa coluna  irá  receber a descrição detalhada do retorno feito pelo funcionário a partir da solicitação do cliente. Seu conteúdo deve ser opcional e preenchido pelo funcionário..]]></comment>
<commentInRDBMS><![CDATA[Essa coluna  irá  receber a descrição detalhada do retorno feito pelo funcionário a partir da solicitação do cliente. Seu conteúdo deve ser opcional e preenchido pelo funcionário.]]></commentInRDBMS>
<generatorID>EB520E79-BD3C-B48C-A9BB-DE51CFDE79B4</generatorID>
<ownerDesignName>SGV_Melhores_Compras</ownerDesignName>
<engineerTo>
<item key="D3EA570C-CF09-A95D-0250-B56D1592D2C8" value="true"/>
</engineerTo>
<nullsAllowed>true</nullsAllowed>
<useDomainConstraints>false</useDomainConstraints>
<use>1</use>
<logicalDatatype>LOGDT028</logicalDatatype>
<ownDataTypeParameters>,,</ownDataTypeParameters>
</Attribute>
<Attribute name="TP SAC" id="42432110-22FB-A216-BD1C-10AB14F4369A">
<createdBy>Gustavo Padlipskas</createdBy>
<createdTime>2022-12-14 14:31:13 UTC</createdTime>
<comment><![CDATA[Essa coluna  irá  receber o TIPO  do chamado SAC aberto pelo cliente.  Seu conteúdo deve ser  obrigatório e os possíveis valores são: (S)ugestão; (R)eclamação;  (D)úvida ou  (E)logio.]]></comment>
<commentInRDBMS><![CDATA[Essa coluna  irá  receber o TIPO  do chamado SAC aberto pelo cliente.  Seu conteúdo deve ser  obrigatório e os possíveis valores são: (S)ugestão; (D)úvida ou  (E)logio.]]></commentInRDBMS>
<generatorID>DAD7689D-BC9D-0E87-A288-8F3B277B6B29</generatorID>
<ownerDesignName>SGV_Melhores_Compras</ownerDesignName>
<engineerTo>
<item key="D3EA570C-CF09-A95D-0250-B56D1592D2C8" value="true"/>
</engineerTo>
<useDomainConstraints>false</useDomainConstraints>
<use>1</use>
<logicalDatatype>LOGDT025</logicalDatatype>
<dataTypeSize>1</dataTypeSize>
<ownDataTypeParameters>1,,</ownDataTypeParameters>
</Attribute>
<Attribute name="ST SAC" id="12FECF0B-3139-D0BA-4005-BF7043386969">
<createdBy>Gustavo Padlipskas</createdBy>
<createdTime>2022-12-14 14:31:13 UTC</createdTime>
<comment><![CDATA[Essa coluna  irá  receber o STATUS  do chamado SAC aberto pelo cliente.  Seu conteúdo deve ser  obrigatório e os possíveis valores são: (E)m Atendimento; (C)ancelado; (F)echado ou (X)Fechado com Insatisfação do cliente.]]></comment>
<commentInRDBMS><![CDATA[Essa coluna  irá  receber o STATUS  do chamado SAC aberto pelo cliente.  Seu conteúdo deve ser  obrigatório e os possíveis valores são: (E)m Atendimento; (C)ancelado; (F)echado ou (X)Fechado com Insatisfação do cliente.]]></commentInRDBMS>
<generatorID>3F5E44DB-3C93-61FE-A09F-2829DD3E6358</generatorID>
<ownerDesignName>SGV_Melhores_Compras</ownerDesignName>
<engineerTo>
<item key="D3EA570C-CF09-A95D-0250-B56D1592D2C8" value="true"/>
</engineerTo>
<nullsAllowed>true</nullsAllowed>
<useDomainConstraints>false</useDomainConstraints>
<use>1</use>
<logicalDatatype>LOGDT025</logicalDatatype>
<dataTypeSize>1</dataTypeSize>
<ownDataTypeParameters>1,,</ownDataTypeParameters>
</Attribute>
<Attribute name="NR INDICE SATISFACAO" id="0A1D9A63-3EAF-8EF4-4B72-669AB63A1E77">
<createdBy>Gustavo Padlipskas</createdBy>
<createdTime>2022-12-14 14:31:13 UTC</createdTime>
<comment><![CDATA[Essa coluna  irá  receber o índice de satisfação, , computado como um valor simples de 1 a 10, onde 1 refere-se ao cliente menos satisfeito e 10 o cliente mais satisfeito. Esse índice de satisfação é opcional e informado pelo cliente ao final do atendimento.]]></comment>
<commentInRDBMS><![CDATA[Essa coluna  irá  receber o índice de satisfação, , computado como um valor simples de 1 a 10, onde 1 refere-se ao cliente menos satisfeito e 10 o cliente mais satisfeito. Esse índice de satisfação é opcional e informado pelo cliente ao final do atendimento.]]></commentInRDBMS>
<generatorID>7A7FFBE6-5B17-1D87-7EBC-5C1DD8E94F8C</generatorID>
<ownerDesignName>SGV_Melhores_Compras</ownerDesignName>
<engineerTo>
<item key="D3EA570C-CF09-A95D-0250-B56D1592D2C8" value="true"/>
</engineerTo>
<nullsAllowed>true</nullsAllowed>
<useDomainConstraints>false</useDomainConstraints>
<use>1</use>
<logicalDatatype>LOGDT019</logicalDatatype>
<dataTypePrecision>2</dataTypePrecision>
<ownDataTypeParameters>,2,</ownDataTypeParameters>
</Attribute>
</attributes>
</Entity>