<?xml version = '1.0' encoding = 'UTF-8'?>
<Entity class="oracle.dbtools.crest.model.design.logical.Entity" directorySegmentName="seg_0" id="34D096A1-1971-C368-1BC5-7A85982DD10C" name="MC END CLI">
<createdBy>Gustavo Padlipskas</createdBy>
<createdTime>2022-12-14 14:31:12 UTC</createdTime>
<generatorID>19A1836D-80ED-6D53-E206-AB4ADB154658</generatorID>
<ownerDesignName>SGV_Melhores_Compras</ownerDesignName>
<engineerTo>
<item key="D3EA570C-CF09-A95D-0250-B56D1592D2C8" value="true"/>
</engineerTo>
<adequatelyNormalized>NO</adequatelyNormalized>
<expectedVolumes>0</expectedVolumes>
<fwdEngineeringStrategyName>Single Table</fwdEngineeringStrategyName>
<growthPercent>0</growthPercent>
<growthType>Year</growthType>
<maxVolumes>9999999</maxVolumes>
<minVolumes>0</minVolumes>
<normalForm>Third</normalForm>
<attributes itemClass="oracle.dbtools.crest.model.design.logical.Attribute">
<Attribute name="NR CLIENTE" id="FCCA3A9B-30EC-9BFF-7A50-E2D14F98C2A6">
<createdBy>Gustavo Padlipskas</createdBy>
<createdTime>2022-12-14 14:31:12 UTC</createdTime>
<comment><![CDATA[Esta coluna irá receber o número do cliente e seu conteúdo é obrigatório.]]></comment>
<commentInRDBMS><![CDATA[Esta coluna irá receber o número do cliente e seu conteúdo é obrigatório.]]></commentInRDBMS>
<ownerDesignName>SGV_Melhores_Compras</ownerDesignName>
<engineerTo>
<item key="D3EA570C-CF09-A95D-0250-B56D1592D2C8" value="true"/>
</engineerTo>
<useDomainConstraints>false</useDomainConstraints>
<use>1</use>
<logicalDatatype>LOGDT019</logicalDatatype>
<ownDataTypeParameters>,,</ownDataTypeParameters>
</Attribute>
<Attribute name="CD LOGRADOURO CLI" id="A41779F5-0EF7-7285-F23D-043867634A9F">
<createdBy>Gustavo Padlipskas</createdBy>
<createdTime>2022-12-14 14:31:12 UTC</createdTime>
<comment><![CDATA[Esta coluna irá receber o código do logradouro  do cliente e seu conteúdo é obrigatório.]]></comment>
<commentInRDBMS><![CDATA[Esta coluna irá receber o código do logradouro  do cliente e seu conteúdo é obrigatório.]]></commentInRDBMS>
<ownerDesignName>SGV_Melhores_Compras</ownerDesignName>
<engineerTo>
<item key="D3EA570C-CF09-A95D-0250-B56D1592D2C8" value="true"/>
</engineerTo>
<useDomainConstraints>false</useDomainConstraints>
<use>1</use>
<logicalDatatype>LOGDT019</logicalDatatype>
<ownDataTypeParameters>,,</ownDataTypeParameters>
</Attribute>
<Attribute name="NR END" id="546AEA69-B97D-0C41-145E-FB7E2C6F6BF7">
<createdBy>Gustavo Padlipskas</createdBy>
<createdTime>2022-12-14 14:31:12 UTC</createdTime>
<comment><![CDATA[Número do Endereço do Cliente. O número da Rua/Localidade onde o cliente está associado.]]></comment>
<commentInRDBMS><![CDATA[Número do Endereço do Cliente. O número da Rua/Localidade onde o cliente está associado.]]></commentInRDBMS>
<generatorID>4E3AF31C-9C59-A736-9481-7962E7BDA7A4</generatorID>
<ownerDesignName>SGV_Melhores_Compras</ownerDesignName>
<engineerTo>
<item key="D3EA570C-CF09-A95D-0250-B56D1592D2C8" value="true"/>
</engineerTo>
<useDomainConstraints>false</useDomainConstraints>
<use>1</use>
<logicalDatatype>LOGDT019</logicalDatatype>
<dataTypePrecision>8</dataTypePrecision>
<ownDataTypeParameters>,8,</ownDataTypeParameters>
</Attribute>
<Attribute name="DS COMPLEMENTO END" id="7B8B0788-199B-BB56-5BEE-D0DDB222C23C">
<createdBy>Gustavo Padlipskas</createdBy>
<createdTime>2022-12-14 14:31:12 UTC</createdTime>
<comment><![CDATA[Esta coluna irá receber o complemento do endereço do cliente e seu conteúdo pode ser opcional.]]></comment>
<commentInRDBMS><![CDATA[Esta coluna irá receber o complemento do endereço do cliente e seu conteúdo pode ser opcional.]]></commentInRDBMS>
<generatorID>41F5F223-2902-8602-1FF6-DB0AC9BC9FD9</generatorID>
<ownerDesignName>SGV_Melhores_Compras</ownerDesignName>
<engineerTo>
<item key="D3EA570C-CF09-A95D-0250-B56D1592D2C8" value="true"/>
</engineerTo>
<nullsAllowed>true</nullsAllowed>
<useDomainConstraints>false</useDomainConstraints>
<use>1</use>
<logicalDatatype>LOGDT024</logicalDatatype>
<dataTypeSize>80</dataTypeSize>
<ownDataTypeParameters>80,,</ownDataTypeParameters>
</Attribute>
<Attribute name="DT INICIO" id="C00DD6AB-7F44-FE2B-4EF6-CBC760E03622">
<createdBy>Gustavo Padlipskas</createdBy>
<createdTime>2022-12-14 14:31:12 UTC</createdTime>
<comment><![CDATA[Data de início do endereço associado ao cliente.]]></comment>
<commentInRDBMS><![CDATA[Data de início do endereço associado ao cliente.]]></commentInRDBMS>
<generatorID>3F3E7C65-3C83-BAEC-A28B-57E8B15F32C5</generatorID>
<ownerDesignName>SGV_Melhores_Compras</ownerDesignName>
<engineerTo>
<item key="D3EA570C-CF09-A95D-0250-B56D1592D2C8" value="true"/>
</engineerTo>
<nullsAllowed>true</nullsAllowed>
<useDomainConstraints>false</useDomainConstraints>
<use>1</use>
<logicalDatatype>LOGDT007</logicalDatatype>
<ownDataTypeParameters>,,</ownDataTypeParameters>
</Attribute>
<Attribute name="DT TERMINO" id="BB3FACFA-5006-88B2-884F-DFECAD6E788D">
<createdBy>Gustavo Padlipskas</createdBy>
<createdTime>2022-12-14 14:31:12 UTC</createdTime>
<comment><![CDATA[Data de término do endereço associado ao cliente.]]></comment>
<commentInRDBMS><![CDATA[Data de término do endereço associado ao cliente.]]></commentInRDBMS>
<generatorID>F73B605D-79BC-593A-0CD1-62B874966063</generatorID>
<ownerDesignName>SGV_Melhores_Compras</ownerDesignName>
<engineerTo>
<item key="D3EA570C-CF09-A95D-0250-B56D1592D2C8" value="true"/>
</engineerTo>
<nullsAllowed>true</nullsAllowed>
<useDomainConstraints>false</useDomainConstraints>
<use>1</use>
<logicalDatatype>LOGDT007</logicalDatatype>
<ownDataTypeParameters>,,</ownDataTypeParameters>
</Attribute>
<Attribute name="ST END" id="4162D1EC-FC6A-9792-D75E-5D6A54183513">
<createdBy>Gustavo Padlipskas</createdBy>
<createdTime>2022-12-14 14:31:12 UTC</createdTime>
<comment><![CDATA[Status do endereço. (A)itvo ou (I)nativo.]]></comment>
<commentInRDBMS><![CDATA[Status do endereço. (A)itvo ou (I)nativo.]]></commentInRDBMS>
<generatorID>9E50EFF9-E0D6-F7D9-573C-40A2ACCA1F3A</generatorID>
<ownerDesignName>SGV_Melhores_Compras</ownerDesignName>
<engineerTo>
<item key="D3EA570C-CF09-A95D-0250-B56D1592D2C8" value="true"/>
</engineerTo>
<nullsAllowed>true</nullsAllowed>
<useDomainConstraints>false</useDomainConstraints>
<use>1</use>
<logicalDatatype>LOGDT025</logicalDatatype>
<dataTypeSize>1</dataTypeSize>
<ownDataTypeParameters>1,,</ownDataTypeParameters>
</Attribute>
</attributes>
<identifiers itemClass="oracle.dbtools.crest.model.design.logical.CandidateKey">
<identifier id="C1C2BAA5-9C88-800D-7E85-5F98EC447EB9" name="MC END CLI PK">
<createdBy>Gustavo Padlipskas</createdBy>
<createdTime>2022-12-14 14:31:13 UTC</createdTime>
<ownerDesignName>SGV_Melhores_Compras</ownerDesignName>
<engineerTo>
<item key="D3EA570C-CF09-A95D-0250-B56D1592D2C8" value="true"/>
</engineerTo>
<pk>true</pk>
</identifier>
</identifiers>
</Entity>