<?xml version = '1.0' encoding = 'UTF-8'?>
<Entity class="oracle.dbtools.crest.model.design.logical.Entity" directorySegmentName="seg_0" id="39B400A6-8D1C-9F29-2E19-2E1DA471732A" name="MC SGV VISUALIZACAO VIDEO">
<createdBy>Gustavo Padlipskas</createdBy>
<createdTime>2022-12-14 14:31:13 UTC</createdTime>
<generatorID>28F64B05-779D-029A-71EE-F134DD6C5D92</generatorID>
<ownerDesignName>SGV_Melhores_Compras</ownerDesignName>
<engineerTo>
<item key="D3EA570C-CF09-A95D-0250-B56D1592D2C8" value="true"/>
</engineerTo>
<adequatelyNormalized>NO</adequatelyNormalized>
<expectedVolumes>0</expectedVolumes>
<fwdEngineeringStrategyName>Single Table</fwdEngineeringStrategyName>
<growthPercent>0</growthPercent>
<growthType>Year</growthType>
<maxVolumes>9999999</maxVolumes>
<minVolumes>0</minVolumes>
<normalForm>Third</normalForm>
<attributes itemClass="oracle.dbtools.crest.model.design.logical.Attribute">
<Attribute name="CD VISUALIZACAO VIDEO" id="830CF169-97E9-A2FA-A911-17EC615E8E16">
<createdBy>Gustavo Padlipskas</createdBy>
<createdTime>2022-12-14 14:31:13 UTC</createdTime>
<comment><![CDATA[Essa coluna irá armazenar a chave primária da tabela de visualização do vídeo, onde a cada click que o usuario logado ou anônimo realizar, será anotado o acesso realizado.]]></comment>
<commentInRDBMS><![CDATA[Essa coluna irá armazenar a chave primária da tabela de visualização do vídeo, onde a cada click que o usuario logado ou anônimo realizar, será anotado o acesso realizado.]]></commentInRDBMS>
<generatorID>34AC82C6-64AA-D355-81FE-5F624BE0DA86</generatorID>
<ownerDesignName>SGV_Melhores_Compras</ownerDesignName>
<engineerTo>
<item key="D3EA570C-CF09-A95D-0250-B56D1592D2C8" value="true"/>
</engineerTo>
<useDomainConstraints>false</useDomainConstraints>
<use>1</use>
<logicalDatatype>LOGDT019</logicalDatatype>
<dataTypePrecision>10</dataTypePrecision>
<ownDataTypeParameters>,10,</ownDataTypeParameters>
</Attribute>
<Attribute name="NR CLIENTE" id="6DE71D26-D958-CF6D-4706-762C794CB1DC">
<createdBy>Gustavo Padlipskas</createdBy>
<createdTime>2022-12-14 14:31:13 UTC</createdTime>
<comment><![CDATA[Essa coluna irá armazenar o código único do cliente na plataforma ecommerce da Melhores Compras.Seu conteúdo deve ser obrigatório, único e preenhcido a  parrtir da chamada de sequence  SQ_MC_CLIENTE, a qual terá sempre o número disponivel para uso.]]></comment>
<commentInRDBMS><![CDATA[Essa coluna irá armazenar o código único do cliente na plataforma ecommerce da Melhores Compras.Seu conteúdo deve ser obrigatório, único e preenhcido a  parrtir da chamada de sequence  SQ_MC_CLIENTE, a qual terá sempre o número disponivel para uso.]]></commentInRDBMS>
<ownerDesignName>SGV_Melhores_Compras</ownerDesignName>
<engineerTo>
<item key="D3EA570C-CF09-A95D-0250-B56D1592D2C8" value="true"/>
</engineerTo>
<nullsAllowed>true</nullsAllowed>
<useDomainConstraints>false</useDomainConstraints>
<use>1</use>
<logicalDatatype>LOGDT019</logicalDatatype>
<ownDataTypeParameters>,,</ownDataTypeParameters>
</Attribute>
<Attribute name="CD PRODUTO" id="E4D6C7FC-39CA-0E36-5350-2C695EA3C37F">
<createdBy>Gustavo Padlipskas</createdBy>
<createdTime>2022-12-14 14:31:13 UTC</createdTime>
<comment><![CDATA[Essa coluna irá armazenar a chave primária da tabela de produtos da Melhorees Compras. A cada produto cadastrado será acionada a Sequence  SQ_MC_PRODUTO que se encarregará de gerar o próximo número único do produto.]]></comment>
<commentInRDBMS><![CDATA[Essa coluna irá armazenar a chave primária da tabela de produtos da Melhorees Compras. A cada produto cadastrado será acionada a Sequence  SQ_MC_PRODUTO que se encarregará de gerar o próximo número único do produto.]]></commentInRDBMS>
<ownerDesignName>SGV_Melhores_Compras</ownerDesignName>
<engineerTo>
<item key="D3EA570C-CF09-A95D-0250-B56D1592D2C8" value="true"/>
</engineerTo>
<useDomainConstraints>false</useDomainConstraints>
<use>1</use>
<logicalDatatype>LOGDT019</logicalDatatype>
<ownDataTypeParameters>,,</ownDataTypeParameters>
</Attribute>
<Attribute name="DT VISUALIZACAO" id="1283A5FD-D964-A2DF-C1C3-351D347A9730">
<createdBy>Gustavo Padlipskas</createdBy>
<createdTime>2022-12-14 14:31:13 UTC</createdTime>
<comment><![CDATA[Essa  coluna  irá  receber a data da visualização feita pelo  usuário no formato dd/mm/yyyy. Essa coluna é obrigatória.]]></comment>
<commentInRDBMS><![CDATA[Essa  coluna  irá  receber a data da visualização feita pelo  usuário no formato dd/mm/yyyy. Essa coluna é obrigatória.]]></commentInRDBMS>
<generatorID>DFEE5AD1-AFA4-EB87-9AEF-6E7EC20392FF</generatorID>
<ownerDesignName>SGV_Melhores_Compras</ownerDesignName>
<engineerTo>
<item key="D3EA570C-CF09-A95D-0250-B56D1592D2C8" value="true"/>
</engineerTo>
<useDomainConstraints>false</useDomainConstraints>
<use>1</use>
<logicalDatatype>LOGDT007</logicalDatatype>
<ownDataTypeParameters>,,</ownDataTypeParameters>
</Attribute>
<Attribute name="NR HORA VISUALIZACAO" id="FE354EF7-85A8-9FCF-9EBD-D561AD90F06C">
<createdBy>Gustavo Padlipskas</createdBy>
<createdTime>2022-12-14 14:31:13 UTC</createdTime>
<comment><![CDATA[Essa  coluna  irá  receber o horário no formato HH24 da visualização feita pelo  usuário. Essa coluna é obrigatória.]]></comment>
<commentInRDBMS><![CDATA[Essa  coluna  irá  receber o horário no formato HH24 da visualização feita pelo  usuário. Essa coluna é obrigatória.]]></commentInRDBMS>
<generatorID>A1E786CF-130D-AF84-BC29-1581DC11FB21</generatorID>
<ownerDesignName>SGV_Melhores_Compras</ownerDesignName>
<engineerTo>
<item key="D3EA570C-CF09-A95D-0250-B56D1592D2C8" value="true"/>
</engineerTo>
<useDomainConstraints>false</useDomainConstraints>
<use>1</use>
<logicalDatatype>LOGDT019</logicalDatatype>
<dataTypePrecision>2</dataTypePrecision>
<ownDataTypeParameters>,2,</ownDataTypeParameters>
</Attribute>
<Attribute name="NR MINUTO VIDEO" id="88B14DD8-D9B4-DA13-98D7-44D398CFDD10">
<createdBy>Gustavo Padlipskas</createdBy>
<createdTime>2022-12-14 14:31:13 UTC</createdTime>
<comment><![CDATA[Essa  coluna  irá  receber o horário do minuto do vídeo quando foi feita a visualização pelo  usuário. Essa coluna é obrigatória e os valores possíveis estão entre 00 e 59, representando os minutos.]]></comment>
<commentInRDBMS><![CDATA[Essa  coluna  irá  receber o horário do minuto do vídeo quando foi feita a visualização pelo  usuário. Essa coluna é obrigatória e os valores possíveis estão entre 00 e 59, representando os minutos.]]></commentInRDBMS>
<generatorID>EF40BFAE-2B5A-961F-2EBE-B90DA4BD56FA</generatorID>
<ownerDesignName>SGV_Melhores_Compras</ownerDesignName>
<engineerTo>
<item key="D3EA570C-CF09-A95D-0250-B56D1592D2C8" value="true"/>
</engineerTo>
<nullsAllowed>true</nullsAllowed>
<useDomainConstraints>false</useDomainConstraints>
<use>1</use>
<logicalDatatype>LOGDT019</logicalDatatype>
<dataTypePrecision>2</dataTypePrecision>
<ownDataTypeParameters>,2,</ownDataTypeParameters>
</Attribute>
<Attribute name="NR SEGUNDO VIDEO" id="A05B2DAC-66AD-D15D-AAC4-FC0DF3D44D27">
<createdBy>Gustavo Padlipskas</createdBy>
<createdTime>2022-12-14 14:31:13 UTC</createdTime>
<comment><![CDATA[Essa  coluna  irá  receber o horário dos segundos do vídeo quando foi feita a visualização pelo  usuário. Essa coluna é obrigatória e os valores possíveis estão entre 00 e 59, representando os minutos.]]></comment>
<commentInRDBMS><![CDATA[Essa  coluna  irá  receber o horário dos segundos do vídeo quando foi feita a visualização pelo  usuário. Essa coluna é obrigatória e os valores possíveis estão entre 00 e 59, representando os minutos.]]></commentInRDBMS>
<generatorID>51FFBB3B-8531-8A69-F606-4F1DD4336ADB</generatorID>
<ownerDesignName>SGV_Melhores_Compras</ownerDesignName>
<engineerTo>
<item key="D3EA570C-CF09-A95D-0250-B56D1592D2C8" value="true"/>
</engineerTo>
<nullsAllowed>true</nullsAllowed>
<useDomainConstraints>false</useDomainConstraints>
<use>1</use>
<logicalDatatype>LOGDT019</logicalDatatype>
<dataTypePrecision>2</dataTypePrecision>
<ownDataTypeParameters>,2,</ownDataTypeParameters>
</Attribute>
</attributes>
</Entity>