<?xml version = '1.0' encoding = 'UTF-8'?>
<Entity class="oracle.dbtools.crest.model.design.logical.Entity" directorySegmentName="seg_0" id="66EE9C89-8F0C-EE68-ADF3-B0857C78CBA1" name="MC CLIENTE">
<createdBy>Gustavo Padlipskas</createdBy>
<createdTime>2022-12-14 14:31:12 UTC</createdTime>
<generatorID>AE252E86-E6B4-F95D-B94E-635EEF764C2F</generatorID>
<ownerDesignName>SGV_Melhores_Compras</ownerDesignName>
<engineerTo>
<item key="D3EA570C-CF09-A95D-0250-B56D1592D2C8" value="true"/>
</engineerTo>
<adequatelyNormalized>NO</adequatelyNormalized>
<expectedVolumes>0</expectedVolumes>
<fwdEngineeringStrategyName>Single Table</fwdEngineeringStrategyName>
<growthPercent>0</growthPercent>
<growthType>Year</growthType>
<maxVolumes>9999999</maxVolumes>
<minVolumes>0</minVolumes>
<normalForm>Third</normalForm>
<attributes itemClass="oracle.dbtools.crest.model.design.logical.Attribute">
<Attribute name="NR CLIENTE" id="AA2E44E4-2723-54EE-F043-FE7D88C78705">
<createdBy>Gustavo Padlipskas</createdBy>
<createdTime>2022-12-14 14:31:12 UTC</createdTime>
<comment><![CDATA[Essa coluna irá armazenar o código único do cliente na plataforma ecommerce da Melhores Compras.Seu conteúdo deve ser obrigatório, único e preenhcido a  parrtir da chamada de sequence  SQ_MC_CLIENTE, a qual terá sempre o número disponivel para uso.]]></comment>
<commentInRDBMS><![CDATA[Essa coluna irá armazenar o código único do cliente na plataforma ecommerce da Melhores Compras.Seu conteúdo deve ser obrigatório, único e preenhcido a  parrtir da chamada de sequence  SQ_MC_CLIENTE, a qual terá sempre o número disponivel para uso.]]></commentInRDBMS>
<generatorID>A0AE6625-F1C4-40D5-0C78-0D4E4450D37E</generatorID>
<ownerDesignName>SGV_Melhores_Compras</ownerDesignName>
<engineerTo>
<item key="D3EA570C-CF09-A95D-0250-B56D1592D2C8" value="true"/>
</engineerTo>
<useDomainConstraints>false</useDomainConstraints>
<use>1</use>
<logicalDatatype>LOGDT019</logicalDatatype>
<dataTypePrecision>10</dataTypePrecision>
<ownDataTypeParameters>,10,</ownDataTypeParameters>
</Attribute>
<Attribute name="NM CLIENTE" id="D544D863-8A25-558E-044E-2A1EDB018BE3">
<createdBy>Gustavo Padlipskas</createdBy>
<createdTime>2022-12-14 14:31:12 UTC</createdTime>
<comment><![CDATA[Essa coluna irá armazenar o nome do cliente na plataforma ecommerce da Melhores Compras.Seu conteúdo deve ser obrigatório.]]></comment>
<commentInRDBMS><![CDATA[Essa coluna irá armazenar o nome do cliente na plataforma ecommerce da Melhores Compras.Seu conteúdo deve ser obrigatório.]]></commentInRDBMS>
<generatorID>EBFC82E5-7175-C8E3-76D7-DAB55DF033C1</generatorID>
<ownerDesignName>SGV_Melhores_Compras</ownerDesignName>
<engineerTo>
<item key="D3EA570C-CF09-A95D-0250-B56D1592D2C8" value="true"/>
</engineerTo>
<useDomainConstraints>false</useDomainConstraints>
<use>1</use>
<logicalDatatype>LOGDT024</logicalDatatype>
<dataTypeSize>160</dataTypeSize>
<ownDataTypeParameters>160,,</ownDataTypeParameters>
</Attribute>
<Attribute name="QT ESTRELAS" id="45768656-11B8-96C1-F15C-E8553B93262E">
<createdBy>Gustavo Padlipskas</createdBy>
<createdTime>2022-12-14 14:31:12 UTC</createdTime>
<comment><![CDATA[Essa coluna irá armazenar a quantiade de estrelas do cliente na plataforma ecommerce da Melhores Compras.Seu conteúdo deve ser obrigatório e ser possível de estar entre 1 e 5 estrelas.]]></comment>
<commentInRDBMS><![CDATA[Essa coluna irá armazenar a quantiade de estrelas do cliente na plataforma ecommerce da Melhores Compras.Seu conteúdo deve ser obrigatório e ser possível de estar entre 1 e 5 estrelas.]]></commentInRDBMS>
<generatorID>B32690A5-B621-45F2-6E08-B503763E6C0D</generatorID>
<ownerDesignName>SGV_Melhores_Compras</ownerDesignName>
<engineerTo>
<item key="D3EA570C-CF09-A95D-0250-B56D1592D2C8" value="true"/>
</engineerTo>
<nullsAllowed>true</nullsAllowed>
<useDomainConstraints>false</useDomainConstraints>
<use>1</use>
<logicalDatatype>LOGDT019</logicalDatatype>
<dataTypePrecision>1</dataTypePrecision>
<ownDataTypeParameters>,1,</ownDataTypeParameters>
</Attribute>
<Attribute name="VL MEDIO COMPRA" id="400CF170-2308-B23C-EAB7-AB3A69724629">
<createdBy>Gustavo Padlipskas</createdBy>
<createdTime>2022-12-14 14:31:12 UTC</createdTime>
<comment><![CDATA[Essa coluna irá armazenar o valor  médio de gastos f eito pelo cliente na plataforma ecommerce da Melhores Compras.Seu conteúdo deve ser obrigatório e deve ser calculado diariamente.]]></comment>
<commentInRDBMS><![CDATA[Essa coluna irá armazenar o valor  médio de gastos f eito pelo cliente na plataforma ecommerce da Melhores Compras.Seu conteúdo deve ser obrigatório e deve ser calculado diariamente.]]></commentInRDBMS>
<generatorID>935692C2-E4AA-2245-6E55-5244898B3C52</generatorID>
<ownerDesignName>SGV_Melhores_Compras</ownerDesignName>
<engineerTo>
<item key="D3EA570C-CF09-A95D-0250-B56D1592D2C8" value="true"/>
</engineerTo>
<nullsAllowed>true</nullsAllowed>
<useDomainConstraints>false</useDomainConstraints>
<use>1</use>
<logicalDatatype>LOGDT019</logicalDatatype>
<dataTypePrecision>10</dataTypePrecision>
<dataTypeScale>2</dataTypeScale>
<ownDataTypeParameters>,10,2</ownDataTypeParameters>
</Attribute>
<Attribute name="ST CLIENTE" id="A6FC866B-12B6-BBE9-DF16-10FBE2C52ADB">
<createdBy>Gustavo Padlipskas</createdBy>
<createdTime>2022-12-14 14:31:12 UTC</createdTime>
<comment><![CDATA[Essa coluna irá armazenar o stauts do cliente da Melhorees Compras. Os valores permitidos aqui são: A(tivo) e I(nativo).]]></comment>
<commentInRDBMS><![CDATA[Essa coluna irá armazenar o stauts do cliente da Melhorees Compras. Os valores permitidos aqui são: A(tivo) e I(nativo).]]></commentInRDBMS>
<generatorID>0D5D96CE-FBC6-E9B3-9709-E5D42A734479</generatorID>
<ownerDesignName>SGV_Melhores_Compras</ownerDesignName>
<engineerTo>
<item key="D3EA570C-CF09-A95D-0250-B56D1592D2C8" value="true"/>
</engineerTo>
<nullsAllowed>true</nullsAllowed>
<useDomainConstraints>false</useDomainConstraints>
<use>1</use>
<logicalDatatype>LOGDT025</logicalDatatype>
<dataTypeSize>1</dataTypeSize>
<ownDataTypeParameters>1,,</ownDataTypeParameters>
</Attribute>
<Attribute name="DS EMAIL" id="9111AA85-1B49-CA3B-E9B5-D15327508AA1">
<createdBy>Gustavo Padlipskas</createdBy>
<createdTime>2022-12-14 14:31:12 UTC</createdTime>
<comment><![CDATA[Essa coluna irá armazenar o email  do cliente da Melhorees Compras. No minimo é esperado um email contendo o caractere (@) em seu conteúdo.]]></comment>
<commentInRDBMS><![CDATA[Essa coluna irá armazenar o email  do cliente da Melhorees Compras. No minimo é esperado um email contendo o caractere (@) em seu conteúdo.]]></commentInRDBMS>
<generatorID>3CC63875-7EB2-E27C-FD2B-617392FB7C96</generatorID>
<ownerDesignName>SGV_Melhores_Compras</ownerDesignName>
<engineerTo>
<item key="D3EA570C-CF09-A95D-0250-B56D1592D2C8" value="true"/>
</engineerTo>
<nullsAllowed>true</nullsAllowed>
<useDomainConstraints>false</useDomainConstraints>
<use>1</use>
<logicalDatatype>LOGDT024</logicalDatatype>
<dataTypeSize>100</dataTypeSize>
<ownDataTypeParameters>100,,</ownDataTypeParameters>
</Attribute>
<Attribute name="NR TELEFONE" id="AD40438F-74BD-7041-101A-33AF91EF63EE">
<createdBy>Gustavo Padlipskas</createdBy>
<createdTime>2022-12-14 14:31:12 UTC</createdTime>
<comment><![CDATA[Essa coluna irá armazenar o número do cliente da Melhorees Compras. A mascara de armazenamento deve ser: (<nr_ddd>) 99999-9999 e  deve ser utilizada pré definida.]]></comment>
<commentInRDBMS><![CDATA[Essa coluna irá armazenar o número do cliente da Melhorees Compras. A mascara de armazenamento deve ser: (<nr_ddd>) 99999-9999 e  deve ser utilizada pré definida.]]></commentInRDBMS>
<generatorID>C4A6D312-D05A-089F-CF72-DDB56620787D</generatorID>
<ownerDesignName>SGV_Melhores_Compras</ownerDesignName>
<engineerTo>
<item key="D3EA570C-CF09-A95D-0250-B56D1592D2C8" value="true"/>
</engineerTo>
<nullsAllowed>true</nullsAllowed>
<useDomainConstraints>false</useDomainConstraints>
<use>1</use>
<logicalDatatype>LOGDT024</logicalDatatype>
<dataTypeSize>20</dataTypeSize>
<ownDataTypeParameters>20,,</ownDataTypeParameters>
</Attribute>
<Attribute name="NM LOGIN" id="BE4452E8-833D-FD3D-6147-F10C28ECE6A3">
<createdBy>Gustavo Padlipskas</createdBy>
<createdTime>2022-12-14 14:31:12 UTC</createdTime>
<comment><![CDATA[Essa coluna irá armazenar o login de cada cliente na plataforma ecommerce da Melhores Compras. Seu conteúdo deve ser obrigatório e  único para cada cliente.]]></comment>
<commentInRDBMS><![CDATA[Essa coluna irá armazenar o login de cada cliente na plataforma ecommerce da Melhores Compras. Seu conteúdo deve ser obrigatório e  único para cada cliente.]]></commentInRDBMS>
<generatorID>6B6DD1BD-734E-9BD8-9CF3-7E27FC873FF7</generatorID>
<ownerDesignName>SGV_Melhores_Compras</ownerDesignName>
<engineerTo>
<item key="D3EA570C-CF09-A95D-0250-B56D1592D2C8" value="true"/>
</engineerTo>
<useDomainConstraints>false</useDomainConstraints>
<use>1</use>
<logicalDatatype>LOGDT024</logicalDatatype>
<dataTypeSize>50</dataTypeSize>
<ownDataTypeParameters>50,,</ownDataTypeParameters>
</Attribute>
<Attribute name="DS SENHA" id="4A15F1CB-3C5E-E8F7-004B-2D60B4B8ECCD">
<createdBy>Gustavo Padlipskas</createdBy>
<createdTime>2022-12-14 14:31:12 UTC</createdTime>
<comment><![CDATA[Essa coluna irá armazenar a senha de cada cliente na plataforma ecommerce da Melhores Compras.Seu conteúdo deve ser obrigatório.]]></comment>
<commentInRDBMS><![CDATA[Essa coluna irá armazenar a senha de cada cliente na plataforma ecommerce da Melhores Compras.Seu conteúdo deve ser obrigatório.]]></commentInRDBMS>
<generatorID>46D44108-C550-C1EF-6CDE-BDED7CF1B104</generatorID>
<ownerDesignName>SGV_Melhores_Compras</ownerDesignName>
<engineerTo>
<item key="D3EA570C-CF09-A95D-0250-B56D1592D2C8" value="true"/>
</engineerTo>
<useDomainConstraints>false</useDomainConstraints>
<use>1</use>
<logicalDatatype>LOGDT024</logicalDatatype>
<dataTypeSize>50</dataTypeSize>
<ownDataTypeParameters>50,,</ownDataTypeParameters>
</Attribute>
</attributes>
<identifiers itemClass="oracle.dbtools.crest.model.design.logical.CandidateKey">
<identifier id="7FFE8516-55BC-E372-3560-CCC2D6F24C84" name="UK MC CLIENTE NOME CLIENTE">
<createdBy>Gustavo Padlipskas</createdBy>
<createdTime>2022-12-14 14:31:12 UTC</createdTime>
<generatorID>925AAC40-3047-10C9-5A26-3F9A1CCD6AE7</generatorID>
<ownerDesignName>SGV_Melhores_Compras</ownerDesignName>
<engineerTo>
<item key="D3EA570C-CF09-A95D-0250-B56D1592D2C8" value="true"/>
</engineerTo>
<usedAttributes>
<attributeRef>D544D863-8A25-558E-044E-2A1EDB018BE3</attributeRef>
</usedAttributes>
</identifier>
</identifiers>
</Entity>