<?xml version = '1.0' encoding = 'UTF-8'?>
<Entity class="oracle.dbtools.crest.model.design.logical.Entity" directorySegmentName="seg_0" id="7D3AF504-1A2B-1E38-7A8C-5F75FC61B1BE" name="MC CATEGORIA PROD">
<createdBy>Gustavo Padlipskas</createdBy>
<createdTime>2022-12-14 14:31:12 UTC</createdTime>
<generatorID>F56410BD-5D00-30FD-AE2A-449C52BFDAFF</generatorID>
<ownerDesignName>SGV_Melhores_Compras</ownerDesignName>
<engineerTo>
<item key="D3EA570C-CF09-A95D-0250-B56D1592D2C8" value="true"/>
</engineerTo>
<adequatelyNormalized>NO</adequatelyNormalized>
<expectedVolumes>0</expectedVolumes>
<fwdEngineeringStrategyName>Single Table</fwdEngineeringStrategyName>
<growthPercent>0</growthPercent>
<growthType>Year</growthType>
<maxVolumes>9999999</maxVolumes>
<minVolumes>0</minVolumes>
<normalForm>Third</normalForm>
<attributes itemClass="oracle.dbtools.crest.model.design.logical.Attribute">
<Attribute name="CD CATEGORIA" id="612DCEC2-99A9-2BE3-9574-618A02A03789">
<createdBy>Gustavo Padlipskas</createdBy>
<createdTime>2022-12-14 14:31:12 UTC</createdTime>
<comment><![CDATA[Essa coluna irá armazenar a chave primária da tabela de categoria de produtos da Melhorees Compras. Cada categoria nova cadastrada  será acionada a Sequence  SQ_MC_CATEGORIA que se encarregará de gerar o próximo número único da categoria..]]></comment>
<commentInRDBMS><![CDATA[Essa coluna irá armazenar a chave primária da tabela de categoria de produtos da Melhorees Compras. Cada categoria nova cadastrada  será acionada a Sequence  SQ_MC_CATEGORIA que se encarregará de gerar o próximo número único da categoria..]]></commentInRDBMS>
<generatorID>6FE4DFF9-F6D8-9A94-47FB-72B7C42C199F</generatorID>
<ownerDesignName>SGV_Melhores_Compras</ownerDesignName>
<engineerTo>
<item key="D3EA570C-CF09-A95D-0250-B56D1592D2C8" value="true"/>
</engineerTo>
<useDomainConstraints>false</useDomainConstraints>
<use>1</use>
<logicalDatatype>LOGDT019</logicalDatatype>
<ownDataTypeParameters>,,</ownDataTypeParameters>
</Attribute>
<Attribute name="TP CATEGORIA" id="415A61B1-6D3E-AF5F-60AB-094113632D9B">
<createdBy>Gustavo Padlipskas</createdBy>
<createdTime>2022-12-14 14:31:12 UTC</createdTime>
<comment><![CDATA[Nessa  coluna  será  armazenada o tipo de categoria que poderá  ser (V)ídeo ou (P)rodudto. Seu conteúdo deve ser obrigatório.]]></comment>
<commentInRDBMS><![CDATA[Nessa  coluna  será  armazenada o tipo de categoria que poderá  ser (V)ídeo ou (P)rodudto. Seu conteúdo deve ser obrigatório.]]></commentInRDBMS>
<generatorID>87776562-5586-D266-ABF4-817868D12ACD</generatorID>
<ownerDesignName>SGV_Melhores_Compras</ownerDesignName>
<engineerTo>
<item key="D3EA570C-CF09-A95D-0250-B56D1592D2C8" value="true"/>
</engineerTo>
<useDomainConstraints>false</useDomainConstraints>
<use>1</use>
<logicalDatatype>LOGDT025</logicalDatatype>
<dataTypeSize>1</dataTypeSize>
<ownDataTypeParameters>1,,</ownDataTypeParameters>
</Attribute>
<Attribute name="DS CATEGORIA" id="1AA13D8B-CDD5-0928-7D50-AD7FB1DB8938">
<createdBy>Gustavo Padlipskas</createdBy>
<createdTime>2022-12-14 14:31:12 UTC</createdTime>
<comment><![CDATA[Essa coluna irá armazenar descrição da categoria de produtos da Melhorees Compras. Cada categoria tem uma  descrição única e serve para organizar os produtos em categorias simliares, melhorando a tomada de decisão.]]></comment>
<commentInRDBMS><![CDATA[Essa coluna irá armazenar descrição da categoria de produtos da Melhorees Compras. Cada categoria tem uma  descrição única e serve para organizar os produtos em categorias simliares, melhorando a tomada de decisão.]]></commentInRDBMS>
<generatorID>547AFB54-22C4-DF80-6C82-485F47103D48</generatorID>
<ownerDesignName>SGV_Melhores_Compras</ownerDesignName>
<engineerTo>
<item key="D3EA570C-CF09-A95D-0250-B56D1592D2C8" value="true"/>
</engineerTo>
<useDomainConstraints>false</useDomainConstraints>
<use>1</use>
<logicalDatatype>LOGDT024</logicalDatatype>
<dataTypeSize>500</dataTypeSize>
<ownDataTypeParameters>500,,</ownDataTypeParameters>
</Attribute>
<Attribute name="DT INICIO" id="30BA44D4-6648-95B3-EF71-E4C6062D82B0">
<createdBy>Gustavo Padlipskas</createdBy>
<createdTime>2022-12-14 14:31:12 UTC</createdTime>
<comment><![CDATA[Essa coluna irá receber  a data de início da categoria. Seu formato é dd/mm/yyyy e seu conteúdo deve ser sempre  obrigatório.]]></comment>
<commentInRDBMS><![CDATA[Essa coluna irá receber  a data de início da categoria. Seu formato é dd/mm/yyyy e seu conteúdo deve ser sempre  obrigatório.]]></commentInRDBMS>
<generatorID>89054EA5-6E14-7BD6-FBF1-CB9ECD4888CB</generatorID>
<ownerDesignName>SGV_Melhores_Compras</ownerDesignName>
<engineerTo>
<item key="D3EA570C-CF09-A95D-0250-B56D1592D2C8" value="true"/>
</engineerTo>
<nullsAllowed>true</nullsAllowed>
<useDomainConstraints>false</useDomainConstraints>
<use>1</use>
<logicalDatatype>LOGDT007</logicalDatatype>
<ownDataTypeParameters>,,</ownDataTypeParameters>
</Attribute>
<Attribute name="DT TERMINO" id="29B27F68-E0EC-6E76-EE01-2EB887B43180">
<createdBy>Gustavo Padlipskas</createdBy>
<createdTime>2022-12-14 14:31:12 UTC</createdTime>
<comment><![CDATA[Essa coluna irá receber  a data de encerramento  da categoria. Seu formato é dd/mm/yyyy e seu conteúdo deve ser sempre  opcional. Conteúdo obrigatório significa que a categoria foi encerrada a partir da data término. Já o conteúdo opcional indica que a categoria está ativa e operante.]]></comment>
<commentInRDBMS><![CDATA[Essa coluna irá receber  a data de encerramento  da categoria. Seu formato é dd/mm/yyyy e seu conteúdo deve ser sempre  opcional. Conteúdo obrigatório significa que a categoria foi encerrada a partir da data término. Já o conteúdo opcional indica que a categoria está ativa e operante.]]></commentInRDBMS>
<generatorID>D71E4F87-E2C1-FA24-BC55-E54008AD1CC7</generatorID>
<ownerDesignName>SGV_Melhores_Compras</ownerDesignName>
<engineerTo>
<item key="D3EA570C-CF09-A95D-0250-B56D1592D2C8" value="true"/>
</engineerTo>
<nullsAllowed>true</nullsAllowed>
<useDomainConstraints>false</useDomainConstraints>
<use>1</use>
<logicalDatatype>LOGDT007</logicalDatatype>
<ownDataTypeParameters>,,</ownDataTypeParameters>
</Attribute>
<Attribute name="ST CATEGORIA" id="DA75A79D-E374-1BA0-62F4-1C446187A56C">
<createdBy>Gustavo Padlipskas</createdBy>
<createdTime>2022-12-14 14:31:12 UTC</createdTime>
<comment><![CDATA[Essa coluna irá armazenar o stauts da categoria da Melhorees Compras. Os valores permitidos aqui são: A(tivo) e I(nativo).]]></comment>
<commentInRDBMS><![CDATA[Essa coluna irá armazenar o stauts da categoria da Melhorees Compras. Os valores permitidos aqui são: A(tivo) e I(nativo).]]></commentInRDBMS>
<generatorID>E7C378CD-D483-00E3-B0BC-8943897DED10</generatorID>
<ownerDesignName>SGV_Melhores_Compras</ownerDesignName>
<engineerTo>
<item key="D3EA570C-CF09-A95D-0250-B56D1592D2C8" value="true"/>
</engineerTo>
<useDomainConstraints>false</useDomainConstraints>
<use>1</use>
<logicalDatatype>LOGDT025</logicalDatatype>
<dataTypeSize>1</dataTypeSize>
<ownDataTypeParameters>1,,</ownDataTypeParameters>
</Attribute>
</attributes>
</Entity>