<?xml version = '1.0' encoding = 'UTF-8'?>
<Entity class="oracle.dbtools.crest.model.design.logical.Entity" directorySegmentName="seg_0" id="FBDC775C-646B-D734-A65A-D7061E4D6C56" name="MC CLI JURIDICA">
<createdBy>Gustavo Padlipskas</createdBy>
<createdTime>2022-12-14 14:31:12 UTC</createdTime>
<generatorID>BE2F9C25-8722-CA4D-62A4-98772F4DE0E1</generatorID>
<ownerDesignName>SGV_Melhores_Compras</ownerDesignName>
<engineerTo>
<item key="D3EA570C-CF09-A95D-0250-B56D1592D2C8" value="true"/>
</engineerTo>
<adequatelyNormalized>NO</adequatelyNormalized>
<expectedVolumes>0</expectedVolumes>
<fwdEngineeringStrategyName>Single Table</fwdEngineeringStrategyName>
<growthPercent>0</growthPercent>
<growthType>Year</growthType>
<maxVolumes>9999999</maxVolumes>
<minVolumes>0</minVolumes>
<normalForm>Third</normalForm>
<attributes itemClass="oracle.dbtools.crest.model.design.logical.Attribute">
<Attribute name="NR CLIENTE" id="C4349BB2-4DA9-84EF-BEA2-2BE568925848">
<createdBy>Gustavo Padlipskas</createdBy>
<createdTime>2022-12-14 14:31:12 UTC</createdTime>
<comment><![CDATA[Essa coluna irá armazenar o código único do cliente na plataforma ecommerce da Melhores Compras.Seu conteúdo deve ser obrigatório, único e preenhcido a  parrtir da tabela NC_CLIENTE. ]]></comment>
<commentInRDBMS><![CDATA[Essa coluna irá armazenar o código único do cliente na plataforma ecommerce da Melhores Compras.Seu conteúdo deve ser obrigatório, único e preenhcido a  parrtir da tabela NC_CLIENTE. ]]></commentInRDBMS>
<ownerDesignName>SGV_Melhores_Compras</ownerDesignName>
<engineerTo>
<item key="D3EA570C-CF09-A95D-0250-B56D1592D2C8" value="true"/>
</engineerTo>
<useDomainConstraints>false</useDomainConstraints>
<use>1</use>
<logicalDatatype>LOGDT019</logicalDatatype>
<ownDataTypeParameters>,,</ownDataTypeParameters>
</Attribute>
<Attribute name="DT FUNDACAO" id="894DF5E5-4FB4-812D-B3A8-E497F2DC9317">
<createdBy>Gustavo Padlipskas</createdBy>
<createdTime>2022-12-14 14:31:12 UTC</createdTime>
<comment><![CDATA[Essa coluna irá armazenar data  de fundação do cliente na plataforma ecommerce da Melhores Compras.Seu conteúdo deve ser obrigatório.]]></comment>
<commentInRDBMS><![CDATA[Essa coluna irá armazenar data  de fundação do cliente na plataforma ecommerce da Melhores Compras.Seu conteúdo deve ser obrigatório.]]></commentInRDBMS>
<generatorID>022CE12C-659E-14AF-838B-E06D6B2A2F67</generatorID>
<ownerDesignName>SGV_Melhores_Compras</ownerDesignName>
<engineerTo>
<item key="D3EA570C-CF09-A95D-0250-B56D1592D2C8" value="true"/>
</engineerTo>
<nullsAllowed>true</nullsAllowed>
<useDomainConstraints>false</useDomainConstraints>
<use>1</use>
<logicalDatatype>LOGDT007</logicalDatatype>
<ownDataTypeParameters>,,</ownDataTypeParameters>
</Attribute>
<Attribute name="NR CNPJ" id="AD9A0120-A4FC-1E94-478F-6F75808F1CCC">
<createdBy>Gustavo Padlipskas</createdBy>
<createdTime>2022-12-14 14:31:12 UTC</createdTime>
<comment><![CDATA[Essa coluna irá armazenar o  numero do CNPJ do cliente na plataforma ecommerce da Melhores Compras.Seu conteúdo deve ser obrigatório.]]></comment>
<commentInRDBMS><![CDATA[Essa coluna irá armazenar o  numero do CNPJ do cliente na plataforma ecommerce da Melhores Compras.Seu conteúdo deve ser obrigatório.]]></commentInRDBMS>
<generatorID>A4FF5B4D-098C-20B3-F32A-E0808470739E</generatorID>
<ownerDesignName>SGV_Melhores_Compras</ownerDesignName>
<engineerTo>
<item key="D3EA570C-CF09-A95D-0250-B56D1592D2C8" value="true"/>
</engineerTo>
<nullsAllowed>true</nullsAllowed>
<useDomainConstraints>false</useDomainConstraints>
<use>1</use>
<logicalDatatype>LOGDT024</logicalDatatype>
<dataTypeSize>20</dataTypeSize>
<ownDataTypeParameters>20,,</ownDataTypeParameters>
</Attribute>
<Attribute name="NR INSCR EST" id="62EF9564-C2AA-66BC-B259-CD018F6BBA91">
<createdBy>Gustavo Padlipskas</createdBy>
<createdTime>2022-12-14 14:31:12 UTC</createdTime>
<comment><![CDATA[Essa coluna irá armazenar o  numero da Inscrição Estadual  do cliente na plataforma ecommerce da Melhores Compras.Seu conteúdo deve ser opcional]]></comment>
<commentInRDBMS><![CDATA[Essa coluna irá armazenar o  numero da Inscrição Estadual  do cliente na plataforma ecommerce da Melhores Compras.Seu conteúdo deve ser opcional]]></commentInRDBMS>
<generatorID>768360F2-68BE-B53E-FF72-3B767B180ADF</generatorID>
<ownerDesignName>SGV_Melhores_Compras</ownerDesignName>
<engineerTo>
<item key="D3EA570C-CF09-A95D-0250-B56D1592D2C8" value="true"/>
</engineerTo>
<nullsAllowed>true</nullsAllowed>
<useDomainConstraints>false</useDomainConstraints>
<use>1</use>
<logicalDatatype>LOGDT024</logicalDatatype>
<dataTypeSize>15</dataTypeSize>
<ownDataTypeParameters>15,,</ownDataTypeParameters>
</Attribute>
</attributes>
</Entity>